destination_category,mode,customer_review,carrier_rank,fragility,atseal,traffic_level,road_condition,deadline,distance,transport_vehicle,fuel_type,emissions,dcost,delivery_ontime,dtime
city,air,5,4,1,1,2,good,2,2286,plane,petrol,1306.2857142857144,5.85,1,1
city,air,0,1,2,0,2,average,2,2278,plane,petrol,1301.7142857142858,1.9500000000000002,0,3
city,air,0,3,2,1,4,poor,1,1581,plane,petrol,903.4285714285717,7.15,0,5
country,air,9,0,0,0,6,poor,7,398,plane,petrol,227.42857142857147,4.55,1,7
continent,land,4,2,0,1,0,average,8,4903,van,petrol,2108.817204301075,6.5,0,13
city,air,3,1,0,0,4,good,1,3114,plane,petrol,1779.4285714285718,1.9500000000000002,0,5
world,sea,7,3,0,0,0,good,16,1760,ship,petrol,880.0,7.800000000000001,1,13
city,air,1,4,2,0,6,average,1,3484,plane,petrol,1990.8571428571431,4.550000000000001,0,4
country,air,7,3,2,0,1,poor,5,409,plane,petrol,233.71428571428575,7.15,1,5
country,air,4,0,2,0,1,poor,4,246,plane,petrol,140.57142857142858,4.55,0,6
country,air,8,2,1,0,1,good,6,260,plane,petrol,148.57142857142858,4.55,1,6
world,air,9,1,2,1,8,good,15,3412,plane,petrol,1949.714285714286,7.15,1,7
continent,land,9,2,1,0,1,good,13,4198,van,diesel,2708.387096774193,5.2,1,9
continent,air,8,3,2,0,0,average,11,623,plane,petrol,356.00000000000006,7.15,1,6
continent,land,1,3,1,0,3,average,10,2692,train,green_petrol,747.7777777777777,6.5,0,13
country,air,7,3,1,1,3,good,6,309,plane,petrol,176.57142857142858,7.15,1,1
country,air,8,1,2,1,1,average,5,463,plane,petrol,264.5714285714286,4.55,1,3
country,air,9,3,0,0,9,average,7,471,plane,petrol,269.14285714285717,5.85,1,5
continent,land,5,1,0,1,3,average,12,1025,truck,green_petrol,291.1931818181818,5.2,1,8
continent,air,7,2,2,1,9,good,11,3752,plane,petrol,2144.0000000000005,7.15,1,1
world,sea,5,2,0,0,1,good,19,4029,ship,petrol,2014.5,6.5,1,14
country,air,6,3,2,1,8,poor,4,384,plane,petrol,219.42857142857147,8.45,1,1
country,air,0,3,1,0,7,good,4,310,plane,petrol,177.14285714285717,5.85,0,5
world,sea,2,0,1,1,6,poor,21,4065,ship,petrol,2032.5,7.8,0,26
country,air,9,3,0,0,2,average,4,200,plane,petrol,114.28571428571429,5.85,1,1
city,air,2,2,2,0,8,poor,2,4086,plane,petrol,2334.857142857143,4.55,0,3
country,air,3,0,0,0,3,good,6,421,plane,petrol,240.57142857142858,3.25,0,8
city,air,2,2,2,0,7,good,1,4423,plane,petrol,2527.4285714285716,3.25,0,4
city,air,3,4,2,0,7,poor,2,1380,plane,petrol,788.5714285714287,5.85,0,5
city,air,2,0,2,0,7,average,1,1724,plane,petrol,985.1428571428572,1.9500000000000002,0,3
continent,air,7,1,2,1,1,good,13,4664,plane,petrol,2665.1428571428573,5.8500000000000005,1,2
continent,air,8,3,2,0,7,poor,11,2496,plane,petrol,1426.2857142857144,8.450000000000001,1,2
world,sea,1,1,1,1,7,poor,15,886,ship,diesel,664.5,7.8,0,17
city,air,3,0,2,1,6,poor,2,1663,plane,petrol,950.2857142857144,4.55,0,11
country,air,1,4,2,0,1,poor,6,494,plane,petrol,282.28571428571433,7.15,0,8
city,air,2,1,1,1,8,poor,1,2313,plane,petrol,1321.7142857142858,4.55,0,7
country,air,6,3,0,0,3,average,3,385,plane,petrol,220.0,5.85,1,1
country,air,7,4,2,0,6,poor,7,215,plane,petrol,122.85714285714286,7.15,1,7
country,air,6,4,1,0,1,good,4,357,plane,petrol,204.00000000000003,5.85,1,3
continent,air,8,1,2,1,4,average,9,4589,plane,petrol,2622.2857142857147,5.8500000000000005,1,6
continent,land,3,3,1,1,1,average,8,1843,train,petrol,819.1111111111111,7.800000000000001,0,14
city,air,0,1,1,0,3,good,1,383,plane,petrol,218.8571428571429,1.9500000000000002,0,4
continent,land,8,2,1,1,9,average,12,1849,van,diesel,1192.9032258064515,7.8,1,9
world,sea,1,4,0,1,0,poor,18,3297,ship,green_petrol,1030.3125,9.6,0,19
continent,air,5,1,2,1,1,average,12,1177,plane,petrol,672.5714285714287,5.8500000000000005,1,5
city,air,0,4,2,1,1,good,1,606,plane,petrol,346.28571428571433,5.85,0,3
city,air,3,4,1,1,7,good,2,3211,plane,petrol,1834.8571428571431,5.85,0,3
country,air,1,1,2,0,2,average,6,469,plane,petrol,268.00000000000006,3.25,0,7
continent,land,8,3,1,1,2,average,8,886,train,green_petrol,246.11111111111111,7.800000000000001,1,7
continent,land,9,4,1,0,4,good,9,3650,truck,diesel,2488.6363636363635,7.15,1,7
country,air,9,3,0,1,1,average,4,361,plane,petrol,206.2857142857143,7.15,1,1
country,air,8,1,2,0,4,good,7,229,plane,petrol,130.8571428571429,3.25,1,6
country,air,5,0,2,0,4,good,6,283,plane,petrol,161.71428571428572,3.25,1,5
world,sea,9,3,0,0,0,good,20,743,ship,green_petrol,232.1875,7.800000000000001,1,15
world,air,8,2,2,0,0,good,16,3953,plane,petrol,2258.857142857143,7.15,1,2
country,air,7,4,2,0,0,good,6,491,plane,petrol,280.5714285714286,5.85,1,1
world,sea,2,3,1,1,6,poor,21,4838,ship,diesel,3628.4999999999995,9.6,0,23
city,air,2,3,2,0,8,poor,2,2818,plane,petrol,1610.2857142857144,5.85,0,3
city,air,1,4,2,0,1,average,1,3364,plane,petrol,1922.2857142857147,4.550000000000001,0,4
world,sea,0,1,1,0,6,good,15,4135,ship,diesel,3101.25,5.2,0,17
world,sea,6,3,0,0,8,good,17,2095,ship,petrol,1047.5,7.800000000000001,1,13
world,sea,7,2,1,0,6,poor,19,1066,ship,diesel,799.5,7.8,1,16
continent,land,0,2,1,1,7,good,10,4520,van,petrol,1944.0860215053763,7.8,0,12
world,sea,9,2,1,0,7,poor,21,4575,ship,green_petrol,1429.6875,7.8,1,20
city,air,2,1,0,1,5,average,2,3899,plane,petrol,2228.0000000000005,3.25,0,4
country,air,7,3,0,0,6,good,6,287,plane,petrol,164.00000000000003,5.85,1,6
country,air,4,2,2,0,6,average,4,490,plane,petrol,280.0,4.55,0,6
city,air,8,4,0,1,6,poor,2,2045,plane,petrol,1168.5714285714287,7.15,1,2
continent,air,9,0,2,1,9,average,8,1720,plane,petrol,982.8571428571429,5.8500000000000005,1,6
world,air,5,2,2,0,2,good,15,4413,plane,petrol,2521.714285714286,7.15,1,7
city,air,1,4,0,0,9,poor,2,127,plane,petrol,72.57142857142858,5.85,0,6
country,air,1,2,1,0,9,poor,4,499,plane,petrol,285.14285714285717,5.85,0,8
world,land,6,1,1,1,0,poor,14,1611,train,diesel,1073.9999999999998,7.8,1,8
world,air,8,2,2,1,9,average,15,4867,plane,petrol,2781.142857142858,8.450000000000001,1,4
country,air,1,2,1,1,9,average,5,223,plane,petrol,127.42857142857144,5.85,0,8
country,air,4,0,2,0,4,poor,4,350,plane,petrol,200.0,4.55,0,6
world,air,7,0,2,0,2,good,17,1755,plane,petrol,1002.8571428571429,5.8500000000000005,1,9
continent,land,4,0,1,0,4,poor,11,4669,van,diesel,3012.258064516129,5.8500000000000005,0,14
country,air,7,4,2,1,2,poor,4,285,plane,petrol,162.85714285714286,8.45,1,2
country,air,1,2,2,0,4,poor,3,478,plane,petrol,273.14285714285717,5.85,0,5
world,air,9,3,2,0,5,average,21,3444,plane,petrol,1968.0000000000002,8.450000000000001,1,3
world,sea,0,2,1,0,1,poor,19,1792,ship,diesel,1344.0,7.8,0,20
country,air,2,0,1,1,6,good,5,200,plane,petrol,114.28571428571429,4.55,0,9
country,air,8,0,2,0,2,poor,4,308,plane,petrol,176.00000000000003,4.55,1,3
country,air,4,0,1,1,6,poor,4,210,plane,petrol,120.00000000000001,5.85,0,7
world,sea,8,1,1,1,3,poor,20,4398,ship,green_petrol,1374.375,7.8,1,18
continent,air,6,2,2,0,5,average,10,4867,plane,petrol,2781.142857142858,5.8500000000000005,1,4
world,sea,5,3,1,1,4,average,16,4837,ship,green_petrol,1511.5625,9.1,1,15
city,air,8,4,1,1,0,average,1,2532,plane,petrol,1446.8571428571431,5.85,1,1
continent,air,5,1,2,0,5,average,8,2341,plane,petrol,1337.714285714286,4.550000000000001,1,7
continent,air,6,0,2,1,8,average,9,3338,plane,petrol,1907.4285714285716,5.8500000000000005,1,8
continent,land,5,3,0,1,3,poor,9,4449,truck,diesel,3033.409090909091,9.1,1,6
world,sea,8,4,0,1,4,average,20,950,ship,petrol,475.0,9.1,1,20
country,air,6,4,1,1,5,good,7,333,plane,petrol,190.28571428571433,7.15,1,4
continent,air,7,3,2,1,3,average,12,624,plane,petrol,356.5714285714286,8.450000000000001,1,6
country,air,3,1,2,0,0,good,5,323,plane,petrol,184.5714285714286,3.25,0,7
country,air,1,0,0,1,9,poor,7,360,plane,petrol,205.71428571428572,5.85,0,10
country,air,6,2,2,1,7,average,7,485,plane,petrol,277.14285714285717,5.85,1,6
city,air,0,3,1,0,5,poor,1,3066,plane,petrol,1752.0000000000002,5.85,0,3
continent,land,5,1,0,0,8,good,13,289,truck,green_petrol,82.10227272727273,5.2,1,10
world,sea,7,4,0,0,8,good,21,1736,ship,diesel,1301.9999999999998,7.800000000000001,1,19
continent,air,8,0,2,1,1,good,10,384,plane,petrol,219.42857142857147,5.8500000000000005,1,3
country,air,1,2,2,1,4,average,3,408,plane,petrol,233.1428571428572,5.85,0,6
continent,land,0,2,0,0,8,good,13,1723,truck,petrol,783.1818181818182,6.5,0,16
country,air,8,4,1,0,2,average,3,329,plane,petrol,188.0,5.85,1,2
city,air,3,0,1,0,0,poor,1,2279,plane,petrol,1302.2857142857144,3.25,0,4
world,sea,2,4,1,0,8,average,17,552,ship,petrol,276.0,7.800000000000001,0,19
continent,land,2,1,0,0,3,average,12,4021,train,green_petrol,1116.9444444444443,3.9000000000000004,0,14
world,sea,9,3,1,1,4,poor,20,2280,ship,diesel,1710.0,9.6,1,19
city,air,1,2,2,1,3,poor,2,4506,plane,petrol,2574.857142857143,5.85,0,7
country,air,1,3,0,0,0,good,5,273,plane,petrol,156.0,5.85,0,6
city,air,3,2,1,1,1,poor,1,2481,plane,petrol,1417.714285714286,5.85,0,6
city,air,0,1,2,1,0,poor,2,421,plane,petrol,240.57142857142858,4.55,0,6
city,air,2,2,0,0,4,good,2,2675,plane,petrol,1528.5714285714287,3.25,0,4
world,sea,5,3,1,1,4,average,15,2810,ship,petrol,1405.0,9.1,1,15
country,air,9,4,1,0,5,average,4,369,plane,petrol,210.85714285714286,5.85,1,1
world,sea,5,3,0,0,6,good,21,4632,ship,diesel,3473.9999999999995,7.800000000000001,1,15
continent,land,8,1,0,1,8,good,13,1683,train,green_petrol,467.5,6.5,1,9
continent,air,6,3,2,1,6,average,11,3055,plane,petrol,1745.7142857142858,8.450000000000001,1,1
continent,land,5,3,0,0,6,good,8,1271,truck,green_petrol,361.07954545454544,7.15,1,7
country,air,7,2,2,1,2,average,5,338,plane,petrol,193.14285714285717,5.85,1,3
city,air,3,2,2,1,0,good,2,3660,plane,petrol,2091.4285714285716,4.55,0,5
country,air,0,1,0,1,3,good,4,317,plane,petrol,181.14285714285717,4.55,0,6
city,air,0,2,2,1,4,average,2,4984,plane,petrol,2848.0000000000005,4.55,0,8
world,air,8,1,2,1,5,good,17,1731,plane,petrol,989.1428571428573,7.15,1,2
continent,land,4,3,0,1,8,average,12,4144,train,diesel,2762.6666666666665,9.1,0,15
city,air,2,4,0,0,6,poor,2,1948,plane,petrol,1113.1428571428573,5.85,0,5
city,air,3,4,1,0,8,average,2,638,plane,petrol,364.5714285714286,4.550000000000001,0,5
city,air,7,3,1,0,9,average,2,1363,plane,petrol,778.857142857143,4.550000000000001,1,2
continent,land,5,2,1,1,3,good,13,346,van,green_petrol,93.01075268817203,6.5,1,11
city,air,0,2,0,0,7,poor,2,1414,plane,petrol,808.0000000000001,4.55,0,6
continent,land,0,1,1,1,2,poor,13,4417,van,green_petrol,1187.3655913978494,6.5,0,15
continent,land,7,1,0,1,8,good,12,2396,train,green_petrol,665.5555555555555,6.5,1,10
city,air,4,0,0,1,5,poor,2,4578,plane,petrol,2616.0000000000005,4.55,0,9
world,sea,0,1,1,1,4,poor,20,2795,ship,petrol,1397.5,7.8,0,21
world,sea,8,3,1,0,3,good,20,3752,ship,green_petrol,1172.5,7.800000000000001,1,19
continent,land,2,0,1,0,7,average,9,2530,van,petrol,1088.1720430107525,5.2,0,15
world,sea,0,2,1,0,4,poor,16,3760,ship,petrol,1880.0,7.8,0,23
continent,land,4,2,0,0,1,good,9,2575,train,diesel,1716.6666666666665,5.2,0,14
city,air,6,3,2,1,5,good,1,1267,plane,petrol,724.0000000000001,5.85,1,1
continent,air,9,4,2,1,1,average,9,572,plane,petrol,326.8571428571429,8.450000000000001,1,7
continent,land,6,2,1,1,0,poor,11,1128,train,diesel,751.9999999999999,7.8,1,10
country,air,9,1,2,0,9,average,5,394,plane,petrol,225.1428571428572,3.25,1,1
world,sea,4,4,0,0,3,poor,20,4824,ship,green_petrol,1507.5,9.1,0,23
world,sea,2,3,0,0,2,good,15,1889,ship,green_petrol,590.3125,7.800000000000001,0,20
continent,land,2,3,1,1,6,poor,8,2692,train,green_petrol,747.7777777777777,9.6,0,13
country,air,6,3,2,1,4,average,3,346,plane,petrol,197.71428571428572,7.15,1,1
country,air,8,1,0,1,1,poor,7,471,plane,petrol,269.14285714285717,5.85,1,6
country,air,9,2,0,1,7,good,5,346,plane,petrol,197.71428571428572,5.85,1,3
continent,land,8,0,1,1,2,good,11,3804,van,green_petrol,1022.5806451612902,5.2,1,8
city,air,6,1,1,0,5,average,1,1280,plane,petrol,731.4285714285714,1.9500000000000002,1,1
city,air,2,0,2,0,7,poor,1,2674,plane,petrol,1528.0000000000002,3.25,0,11
world,air,5,1,2,0,3,average,18,1555,plane,petrol,888.5714285714287,5.8500000000000005,1,9
country,air,3,0,0,0,8,poor,6,296,plane,petrol,169.14285714285717,4.55,0,8
continent,land,0,0,1,1,6,good,13,3527,train,petrol,1567.5555555555557,5.8500000000000005,0,16
continent,land,4,4,0,1,6,poor,8,1393,train,petrol,619.1111111111112,9.6,0,17
continent,air,8,4,2,1,1,average,13,2029,plane,petrol,1159.4285714285716,8.450000000000001,1,1
country,air,1,1,1,1,6,average,3,424,plane,petrol,242.28571428571433,4.55,0,5
continent,land,2,1,0,0,4,average,11,1241,van,petrol,533.763440860215,4.550000000000001,0,18
continent,land,4,1,1,1,5,average,12,2307,van,diesel,1488.3870967741934,5.8500000000000005,0,17
city,air,3,0,0,0,7,average,1,4719,plane,petrol,2696.571428571429,1.9500000000000002,0,3
country,air,4,2,2,0,6,poor,7,497,plane,petrol,284.00000000000006,5.85,0,8
world,sea,2,0,0,0,4,average,17,1085,ship,diesel,813.75,5.2,0,20
world,sea,3,4,1,0,5,good,15,2673,ship,petrol,1336.5,7.800000000000001,0,20
country,air,8,4,1,1,5,average,7,268,plane,petrol,153.14285714285717,7.15,1,1
continent,land,3,3,1,0,7,average,9,2238,van,green_petrol,601.6129032258065,7.800000000000001,0,14
country,air,2,0,1,0,1,poor,6,309,plane,petrol,176.57142857142858,4.55,0,9
country,air,0,1,0,1,1,average,5,344,plane,petrol,196.57142857142858,4.55,0,9
continent,land,6,2,0,1,1,good,13,412,truck,petrol,187.27272727272728,6.5,1,8
country,air,1,1,1,0,4,average,5,288,plane,petrol,164.57142857142858,3.25,0,9
country,air,6,3,0,0,1,good,6,337,plane,petrol,192.5714285714286,5.85,1,1
country,air,6,1,2,0,4,poor,3,310,plane,petrol,177.14285714285717,4.55,1,3
continent,land,8,4,0,0,4,good,11,4060,van,green_petrol,1091.3978494623655,7.15,1,7
continent,land,3,0,0,1,7,average,8,1058,van,diesel,682.5806451612902,6.5,0,14
city,air,6,4,1,1,0,average,2,4927,plane,petrol,2815.428571428572,5.85,1,2
world,sea,7,3,0,1,4,average,16,3447,ship,petrol,1723.5000000000002,9.1,1,13
city,air,7,3,2,1,7,good,1,3213,plane,petrol,1836.0000000000002,5.85,1,1
continent,air,8,0,2,1,8,good,10,390,plane,petrol,222.85714285714286,5.8500000000000005,1,2
continent,air,5,1,2,0,4,poor,10,4023,plane,petrol,2298.857142857143,5.8500000000000005,1,4
city,air,0,0,1,0,8,poor,1,3122,plane,petrol,1784.0000000000005,3.25,0,3
country,air,9,4,1,1,8,good,6,269,plane,petrol,153.71428571428572,7.15,1,2
city,air,7,2,0,0,0,average,2,3533,plane,petrol,2018.8571428571431,3.25,1,1
continent,air,5,0,2,0,0,good,12,4991,plane,petrol,2852.0000000000005,4.550000000000001,1,1
country,air,6,2,1,1,3,average,4,417,plane,petrol,238.2857142857143,5.85,1,1
world,sea,1,1,0,1,1,good,19,3244,ship,green_petrol,1013.75,6.5,0,21
country,air,4,0,2,1,7,poor,3,202,plane,petrol,115.42857142857146,5.85,0,11
city,air,2,4,2,1,2,poor,2,144,plane,petrol,82.28571428571429,7.15,0,6
country,air,4,4,0,1,9,average,3,426,plane,petrol,243.42857142857144,7.15,0,5
continent,air,8,2,2,0,6,poor,13,4646,plane,petrol,2654.857142857143,7.15,1,9
city,air,7,4,2,1,2,good,2,1398,plane,petrol,798.857142857143,5.85,1,1
city,air,0,3,2,1,9,poor,2,3967,plane,petrol,2266.857142857143,7.15,0,7
city,air,3,2,0,1,4,average,2,4664,plane,petrol,2665.1428571428573,4.55,0,4
country,air,0,0,0,0,2,average,3,224,plane,petrol,128.00000000000003,3.25,0,10
country,air,5,0,1,1,8,good,5,292,plane,petrol,166.8571428571429,4.55,1,4
world,sea,6,4,0,1,9,average,20,4045,ship,green_petrol,1264.0625,9.1,1,16
country,air,6,3,2,0,6,poor,7,405,plane,petrol,231.42857142857144,7.15,1,6
continent,land,0,0,1,1,7,average,10,4609,van,diesel,2973.548387096774,6.5,0,15
city,air,7,4,0,0,8,good,2,3123,plane,petrol,1784.5714285714287,4.550000000000001,1,1
city,air,4,1,2,1,5,poor,1,1301,plane,petrol,743.4285714285714,4.55,0,2
continent,land,9,1,0,0,8,average,13,4285,truck,diesel,2921.590909090909,5.2,1,13
country,air,0,3,0,1,2,good,5,284,plane,petrol,162.2857142857143,7.15,0,6
world,sea,4,1,0,1,0,good,18,929,ship,diesel,696.7499999999999,6.5,0,19
country,air,9,4,1,1,8,good,6,441,plane,petrol,252.00000000000003,7.15,1,1
city,air,0,4,0,0,5,good,2,596,plane,petrol,340.5714285714286,4.550000000000001,0,5
country,air,4,0,2,0,4,poor,5,329,plane,petrol,188.0,4.55,0,6
city,air,2,2,0,0,6,average,2,1430,plane,petrol,817.1428571428572,3.25,0,3
world,land,9,1,1,0,9,good,14,1042,van,diesel,672.2580645161289,6.5,1,9
world,sea,0,1,1,1,6,poor,21,3366,ship,diesel,2524.4999999999995,7.8,0,25
city,air,4,1,1,1,8,average,1,3825,plane,petrol,2185.714285714286,3.25,0,9
world,air,8,0,2,1,3,average,15,2756,plane,petrol,1574.8571428571431,7.15,1,6
continent,air,5,0,2,1,2,good,10,3756,plane,petrol,2146.2857142857147,5.8500000000000005,1,8
world,sea,4,3,1,0,3,good,16,4010,ship,green_petrol,1253.125,7.800000000000001,0,17
world,air,5,0,2,0,6,good,20,1150,plane,petrol,657.1428571428572,5.8500000000000005,1,5
world,sea,6,0,1,1,6,average,20,2987,ship,petrol,1493.4999999999998,6.5,1,18
country,air,8,0,2,0,1,good,3,389,plane,petrol,222.28571428571433,3.25,1,3
continent,air,5,2,2,1,8,good,9,1697,plane,petrol,969.7142857142859,7.15,1,3
continent,land,8,1,0,1,6,poor,13,2364,truck,green_petrol,671.5909090909091,7.15,1,10
city,air,0,1,1,1,2,average,2,4240,plane,petrol,2422.857142857143,3.25,0,8
continent,land,9,2,0,0,3,poor,8,859,van,petrol,369.4623655913978,6.5,1,8
world,air,7,4,2,0,5,average,21,4217,plane,petrol,2409.7142857142862,8.450000000000001,1,6
continent,land,2,2,1,1,8,poor,13,1091,train,green_petrol,303.05555555555554,9.1,0,16
continent,air,9,0,2,0,6,average,9,3726,plane,petrol,2129.1428571428573,4.550000000000001,1,9
continent,land,4,0,1,1,1,good,10,4947,van,diesel,3191.612903225806,5.2,0,13
world,sea,6,3,1,1,2,average,19,4986,ship,diesel,3739.4999999999995,9.1,1,16
city,air,0,0,1,0,0,average,1,826,plane,petrol,472.00000000000006,1.9500000000000002,0,2
world,sea,1,1,0,1,9,average,16,3825,ship,petrol,1912.5,6.5,0,18
world,sea,2,1,1,1,6,good,17,2791,ship,green_petrol,872.1875,6.5,0,19
city,air,1,1,1,1,3,poor,2,2208,plane,petrol,1261.7142857142858,4.55,0,5
city,air,4,4,1,0,4,good,1,4481,plane,petrol,2560.571428571429,4.550000000000001,0,4
country,air,9,4,2,1,7,good,5,329,plane,petrol,188.0,7.15,1,3
continent,air,8,0,2,1,8,good,9,3205,plane,petrol,1831.4285714285716,5.8500000000000005,1,9
continent,land,9,4,0,0,5,average,13,1424,van,diesel,918.7096774193548,7.15,1,10
world,sea,6,2,0,1,3,good,21,1266,ship,petrol,633.0,7.8,1,17
world,air,7,1,2,1,5,good,19,4145,plane,petrol,2368.571428571429,7.15,1,8
country,air,0,1,2,1,5,poor,3,359,plane,petrol,205.14285714285714,5.85,0,4
city,air,5,2,2,1,7,poor,2,4867,plane,petrol,2781.142857142858,5.85,1,2
country,air,7,4,2,0,6,good,5,388,plane,petrol,221.71428571428575,5.85,1,3
country,air,6,0,1,0,9,poor,7,492,plane,petrol,281.14285714285717,4.55,1,5
continent,air,7,4,2,1,7,average,9,403,plane,petrol,230.28571428571433,8.450000000000001,1,7
continent,air,6,2,2,1,5,poor,8,4395,plane,petrol,2511.4285714285716,8.450000000000001,1,4
city,air,6,4,2,1,1,good,1,1477,plane,petrol,844.0000000000001,5.85,1,1
city,air,3,4,2,0,4,poor,2,1394,plane,petrol,796.5714285714287,5.85,0,8
country,air,6,3,2,1,0,average,4,438,plane,petrol,250.28571428571433,7.15,1,2
continent,land,3,0,1,1,4,poor,8,2644,train,diesel,1762.6666666666665,7.15,0,17
continent,land,4,2,0,0,8,good,9,2865,train,green_petrol,795.8333333333333,6.5,0,13
continent,air,5,4,2,0,1,good,12,448,plane,petrol,256.00000000000006,7.15,1,1
continent,land,0,4,0,1,1,good,9,2069,van,petrol,889.8924731182796,7.800000000000001,0,12
country,air,8,4,1,1,3,poor,5,263,plane,petrol,150.2857142857143,8.45,1,4
country,air,1,1,1,1,9,good,3,403,plane,petrol,230.28571428571433,4.55,0,6
continent,land,9,4,1,1,4,good,10,1502,truck,diesel,1024.090909090909,8.450000000000001,1,10
country,air,8,1,0,0,7,good,5,484,plane,petrol,276.5714285714286,3.25,1,3
city,air,8,3,2,1,2,average,2,1692,plane,petrol,966.857142857143,5.85,1,1
city,air,2,0,0,1,3,good,2,2924,plane,petrol,1670.8571428571431,3.25,0,6
continent,land,7,3,1,0,9,poor,11,1824,train,petrol,810.6666666666666,9.1,1,11
city,air,8,3,1,1,6,poor,1,2840,plane,petrol,1622.857142857143,7.15,1,1
continent,land,3,4,0,1,1,poor,11,1851,truck,green_petrol,525.8522727272727,9.1,0,12
world,air,9,3,2,1,6,poor,15,3514,plane,petrol,2008.0000000000002,9.6,1,3
world,air,9,3,2,0,6,poor,17,4493,plane,petrol,2567.4285714285716,9.6,1,2
continent,land,0,1,1,1,6,good,11,656,train,diesel,437.33333333333326,5.8500000000000005,0,14
country,air,1,1,2,0,6,poor,6,285,plane,petrol,162.85714285714286,4.55,0,7
continent,air,7,3,2,0,2,average,10,3635,plane,petrol,2077.1428571428573,7.15,1,6
world,sea,2,0,1,1,0,poor,16,3151,ship,diesel,2363.2499999999995,7.8,0,23
continent,land,4,4,1,0,4,good,9,4165,train,petrol,1851.111111111111,7.15,0,15
city,air,4,2,0,0,0,average,1,1250,plane,petrol,714.2857142857143,3.25,0,3
continent,land,1,1,0,0,6,poor,11,3753,van,green_petrol,1008.8709677419355,5.8500000000000005,0,13
continent,land,7,0,1,1,2,average,11,3146,van,green_petrol,845.6989247311827,5.2,1,11
continent,land,6,4,1,0,7,average,11,1151,train,diesel,767.3333333333334,7.800000000000001,1,11
world,sea,0,2,1,0,9,good,16,1163,ship,diesel,872.2499999999999,6.5,0,20
city,air,3,4,1,1,6,poor,2,3195,plane,petrol,1825.7142857142858,7.15,0,8
world,sea,7,1,1,0,0,good,20,2042,ship,green_petrol,638.125,5.2,1,17
city,air,1,4,2,1,3,poor,2,4556,plane,petrol,2603.4285714285716,7.15,0,3
continent,air,9,3,2,1,7,good,8,4573,plane,petrol,2613.1428571428573,8.450000000000001,1,4
country,air,5,2,2,0,7,poor,6,450,plane,petrol,257.14285714285717,5.85,1,2
country,air,7,4,0,0,0,good,7,203,plane,petrol,116.00000000000001,5.85,1,5
city,air,4,0,1,1,1,good,2,3755,plane,petrol,2145.714285714286,3.25,0,9
city,air,4,1,2,1,7,average,2,2255,plane,petrol,1288.5714285714287,3.25,0,6
country,air,7,4,0,0,9,average,7,301,plane,petrol,172.00000000000003,5.85,1,5
world,sea,4,2,0,1,3,good,15,3526,ship,green_petrol,1101.875,7.8,0,18
continent,land,3,3,1,0,4,poor,8,4651,van,petrol,2000.4301075268818,8.450000000000001,0,10
continent,air,6,4,2,1,2,average,9,1538,plane,petrol,878.857142857143,8.450000000000001,1,1
continent,air,8,1,2,1,2,poor,12,1664,plane,petrol,950.857142857143,7.15,1,2
country,air,9,1,2,1,6,poor,6,443,plane,petrol,253.1428571428572,5.85,1,3
city,air,3,1,2,0,3,average,2,977,plane,petrol,558.2857142857143,1.9500000000000002,0,3
city,air,0,0,1,0,2,poor,1,4184,plane,petrol,2390.857142857143,3.25,0,4
continent,air,8,0,2,1,4,average,8,4545,plane,petrol,2597.1428571428573,5.8500000000000005,1,5
city,air,3,0,2,0,4,average,2,884,plane,petrol,505.1428571428572,1.9500000000000002,0,8
city,air,2,2,2,1,2,good,2,942,plane,petrol,538.2857142857143,4.55,0,4
continent,land,4,2,0,0,9,average,11,4699,truck,green_petrol,1334.9431818181818,6.5,0,17
country,air,9,4,0,1,6,average,3,476,plane,petrol,272.0,7.15,1,1
city,air,1,3,2,1,5,poor,1,3086,plane,petrol,1763.4285714285716,7.15,0,7
city,air,1,2,0,1,5,average,1,3407,plane,petrol,1946.8571428571433,4.55,0,6
world,air,7,3,2,1,0,average,20,1375,plane,petrol,785.7142857142858,9.6,1,1
world,sea,6,3,0,1,1,good,18,4241,ship,petrol,2120.5,9.1,1,16
world,sea,4,0,1,0,2,good,20,1403,ship,diesel,1052.2499999999998,5.2,0,21
world,sea,0,1,1,1,5,average,17,2902,ship,petrol,1450.9999999999998,6.5,0,19
city,air,2,3,2,1,4,poor,2,3240,plane,petrol,1851.4285714285716,7.15,0,3
continent,air,9,2,2,1,6,poor,13,3252,plane,petrol,1858.2857142857147,8.450000000000001,1,2
city,air,3,2,2,0,0,average,1,1462,plane,petrol,835.4285714285716,3.25,0,3
city,air,4,0,2,0,8,average,2,962,plane,petrol,549.7142857142858,1.9500000000000002,0,10
continent,land,0,0,1,1,4,good,9,498,train,diesel,332.0,5.8500000000000005,0,10
city,air,2,1,1,1,6,average,1,925,plane,petrol,528.5714285714286,3.25,0,5
city,air,0,0,1,0,0,average,1,1286,plane,petrol,734.8571428571429,1.9500000000000002,0,9
continent,land,9,3,0,1,0,poor,9,2810,train,petrol,1248.888888888889,9.1,1,7
continent,land,5,4,1,1,6,poor,9,936,van,green_petrol,251.61290322580643,9.6,1,8
continent,air,5,0,2,0,5,good,8,471,plane,petrol,269.14285714285717,4.550000000000001,1,3
continent,land,0,0,0,1,3,poor,9,2672,truck,green_petrol,759.0909090909091,6.5,0,17
world,sea,7,0,0,1,8,good,20,2534,ship,diesel,1900.4999999999998,6.5,1,15
continent,land,1,4,1,0,5,good,8,1202,van,green_petrol,323.1182795698925,7.15,0,9
continent,land,7,0,0,1,8,good,12,4886,train,petrol,2171.5555555555557,6.5,1,10
world,air,5,3,2,1,0,average,19,3999,plane,petrol,2285.1428571428573,9.6,1,3
city,air,2,3,2,1,7,average,1,4337,plane,petrol,2478.2857142857147,5.85,0,2
city,air,0,0,1,0,7,average,1,1388,plane,petrol,793.1428571428572,1.9500000000000002,0,10
city,air,2,2,0,1,6,good,1,4623,plane,petrol,2641.714285714286,4.55,0,2
continent,air,7,2,2,0,8,average,9,4711,plane,petrol,2692.0000000000005,5.8500000000000005,1,7
country,air,0,1,1,1,4,poor,5,279,plane,petrol,159.42857142857144,5.85,0,8
city,air,1,0,1,1,3,good,1,2601,plane,petrol,1486.2857142857144,3.25,0,2
country,air,2,2,1,1,5,poor,4,319,plane,petrol,182.2857142857143,7.1499999999999995,0,5
world,air,7,4,2,0,8,good,15,1617,plane,petrol,924.0000000000001,8.450000000000001,1,2
city,air,0,2,1,1,8,good,1,3842,plane,petrol,2195.428571428572,4.55,0,4
city,air,1,0,1,1,8,good,1,1065,plane,petrol,608.5714285714286,3.25,0,5
world,sea,3,2,0,0,9,good,20,763,ship,green_petrol,238.4375,6.5,0,22
country,air,8,2,0,0,4,average,3,450,plane,petrol,257.14285714285717,4.55,1,3
country,air,2,4,0,0,2,average,5,487,plane,petrol,278.28571428571433,5.85,0,6
world,sea,9,3,1,1,4,poor,16,4090,ship,diesel,3067.5,9.6,1,14
city,air,1,1,1,1,1,poor,1,1746,plane,petrol,997.7142857142859,4.55,0,7
city,air,7,4,2,0,5,average,1,973,plane,petrol,556.0000000000001,4.550000000000001,1,1
world,air,7,0,2,0,1,poor,20,2148,plane,petrol,1227.4285714285716,7.15,1,9
country,air,6,3,1,0,2,good,7,331,plane,petrol,189.14285714285717,5.85,1,1
city,air,7,2,2,0,1,average,1,3825,plane,petrol,2185.714285714286,3.25,1,1
city,air,1,0,2,1,8,poor,1,4120,plane,petrol,2354.285714285714,4.55,0,3
country,air,0,0,1,0,1,poor,4,359,plane,petrol,205.14285714285714,4.55,0,9
city,air,4,3,1,1,1,good,2,405,plane,petrol,231.42857142857144,5.85,0,6
country,air,2,2,2,0,1,poor,3,298,plane,petrol,170.2857142857143,5.85,0,7
continent,land,9,3,0,1,2,average,8,2188,van,diesel,1411.6129032258063,7.800000000000001,1,6
world,sea,5,3,1,1,3,average,21,4418,ship,diesel,3313.4999999999995,9.1,1,18
continent,land,7,0,0,0,2,poor,13,1956,van,green_petrol,525.8064516129032,5.2,1,12
world,air,9,3,2,0,0,poor,21,1348,plane,petrol,770.2857142857144,9.6,1,1
continent,land,4,3,0,0,1,average,11,4075,truck,petrol,1852.2727272727273,6.5,0,13
continent,land,4,1,1,0,8,average,11,2301,train,green_petrol,639.1666666666666,5.2,0,12
country,air,8,0,2,0,0,average,3,340,plane,petrol,194.2857142857143,3.25,1,3
world,sea,6,1,0,0,9,good,19,2010,ship,petrol,1005.0,5.2,1,15
city,air,3,2,1,0,3,average,2,4638,plane,petrol,2650.2857142857147,3.25,0,6
country,air,8,2,1,1,4,poor,6,269,plane,petrol,153.71428571428572,7.1499999999999995,1,1
country,air,7,4,0,1,3,good,7,346,plane,petrol,197.71428571428572,7.15,1,1
country,air,0,1,2,1,0,average,6,476,plane,petrol,272.0,4.55,0,9
continent,air,8,2,2,1,0,poor,10,2748,plane,petrol,1570.2857142857144,8.450000000000001,1,1
world,sea,2,1,1,1,4,good,18,1072,ship,petrol,536.0,6.5,0,19
country,air,7,3,1,0,6,poor,5,404,plane,petrol,230.85714285714292,7.15,1,2
continent,land,7,0,0,1,3,good,13,2362,van,petrol,1015.9139784946236,5.2,1,13
city,air,8,2,0,0,1,average,2,4671,plane,petrol,2669.1428571428573,3.25,1,2
continent,land,4,1,1,0,9,average,8,1998,van,diesel,1289.032258064516,5.2,0,14
country,air,8,1,1,0,2,good,7,328,plane,petrol,187.42857142857147,3.25,1,1
country,air,6,4,2,0,0,average,7,461,plane,petrol,263.42857142857144,5.85,1,4
city,air,1,3,1,1,4,average,1,157,plane,petrol,89.71428571428572,5.85,0,4
continent,land,0,1,1,0,5,poor,11,3934,train,petrol,1748.4444444444446,5.8500000000000005,0,16
world,sea,4,0,1,1,7,poor,20,1505,ship,diesel,1128.75,7.8,0,22
country,air,1,0,1,1,8,poor,4,205,plane,petrol,117.14285714285715,5.85,0,11
continent,air,8,3,2,0,6,average,8,4958,plane,petrol,2833.1428571428573,7.15,1,4
continent,land,4,0,1,1,6,poor,10,4156,train,diesel,2770.6666666666665,7.15,0,20
city,air,1,1,2,0,2,average,1,4039,plane,petrol,2308.0000000000005,1.9500000000000002,0,6
world,sea,0,0,0,1,3,average,18,3003,ship,petrol,1501.5,6.5,0,19
country,air,1,1,1,1,2,poor,4,364,plane,petrol,208.0,5.85,0,5
world,sea,3,1,0,0,8,poor,15,3477,ship,green_petrol,1086.5625,6.5,0,25
country,air,8,2,2,0,2,poor,6,204,plane,petrol,116.5714285714286,5.85,1,1
city,air,0,0,2,1,7,average,2,258,plane,petrol,147.42857142857144,3.25,0,3
continent,land,5,3,1,0,3,poor,9,4281,truck,petrol,1945.909090909091,7.800000000000001,1,9
country,air,6,0,2,1,3,average,6,445,plane,petrol,254.2857142857143,4.55,1,4
city,air,3,1,0,0,4,average,2,3363,plane,petrol,1921.714285714286,1.9500000000000002,0,6
country,air,8,4,0,0,4,good,6,375,plane,petrol,214.2857142857143,5.85,1,4
continent,air,6,2,2,0,6,average,10,243,plane,petrol,138.85714285714286,5.8500000000000005,1,1
country,air,0,1,0,0,8,poor,3,336,plane,petrol,192.00000000000003,4.55,0,7
continent,land,8,4,0,0,1,good,10,1352,truck,diesel,921.8181818181818,6.5,1,6
city,air,2,1,0,1,1,good,2,212,plane,petrol,121.14285714285717,3.25,0,7
world,sea,2,4,1,1,6,poor,16,1334,ship,green_petrol,416.875,9.6,0,21
country,air,1,3,1,1,7,average,3,208,plane,petrol,118.85714285714288,7.15,0,5
world,air,5,2,2,0,5,poor,20,1286,plane,petrol,734.8571428571429,8.450000000000001,1,9
country,air,8,0,0,1,8,good,4,298,plane,petrol,170.2857142857143,4.55,1,4
country,air,5,0,2,1,5,poor,7,327,plane,petrol,186.8571428571429,5.85,1,5
city,air,2,2,0,0,2,average,1,1479,plane,petrol,845.1428571428572,3.25,0,3
city,air,4,1,1,0,5,good,1,4231,plane,petrol,2417.714285714286,1.9500000000000002,0,8
continent,air,6,2,2,1,8,good,12,4492,plane,petrol,2566.857142857143,7.15,1,7
world,land,8,2,0,0,2,poor,14,975,van,green_petrol,262.09677419354836,7.8,1,14
city,air,4,3,2,1,9,good,2,4176,plane,petrol,2386.2857142857147,5.85,0,4
world,sea,9,3,1,0,2,good,19,2554,ship,green_petrol,798.125,7.800000000000001,1,12
country,air,5,2,2,0,8,average,7,251,plane,petrol,143.42857142857144,4.55,1,1
world,sea,4,3,1,1,2,good,16,3887,ship,diesel,2915.2499999999995,9.1,0,20
continent,land,4,1,0,1,1,poor,8,3176,truck,diesel,2165.4545454545455,6.5,0,12
country,air,8,2,2,1,5,average,6,288,plane,petrol,164.57142857142858,5.85,1,5
continent,air,5,2,2,0,0,good,13,4009,plane,petrol,2290.857142857143,5.8500000000000005,1,6
continent,land,9,0,1,1,5,good,11,454,van,diesel,292.9032258064516,5.8500000000000005,1,10
city,air,5,4,1,1,0,good,1,1607,plane,petrol,918.2857142857144,5.85,1,1
world,air,9,0,2,0,5,good,16,3113,plane,petrol,1778.8571428571431,5.8500000000000005,1,2
country,air,8,2,1,0,0,good,5,266,plane,petrol,152.00000000000003,4.55,1,5
continent,air,5,2,2,0,0,average,10,3720,plane,petrol,2125.714285714286,5.8500000000000005,1,4
world,air,7,3,2,0,0,poor,15,3115,plane,petrol,1780.0,9.6,1,1
country,air,1,2,2,1,9,good,3,323,plane,petrol,184.5714285714286,5.85,0,6
continent,land,8,4,0,1,2,good,13,1146,van,petrol,492.90322580645164,7.800000000000001,1,6
world,sea,9,2,1,0,0,good,18,4497,ship,petrol,2248.5,6.5,1,14
continent,land,0,2,1,1,7,poor,13,1751,truck,petrol,795.909090909091,9.1,0,17
world,sea,7,3,0,0,4,poor,21,4021,ship,petrol,2010.5,9.1,1,16
country,air,6,4,1,0,2,good,5,220,plane,petrol,125.71428571428572,5.85,1,1
country,air,3,1,0,1,4,good,3,419,plane,petrol,239.42857142857147,4.55,0,7
country,air,7,1,1,0,0,good,3,226,plane,petrol,129.14285714285717,3.25,1,1
country,air,2,3,1,1,1,average,3,460,plane,petrol,262.8571428571429,7.15,0,7
country,air,2,0,2,1,2,average,6,473,plane,petrol,270.28571428571433,4.55,0,8
world,sea,9,0,1,0,6,average,21,3708,ship,diesel,2780.9999999999995,5.2,1,16
world,air,9,4,2,0,8,poor,19,1738,plane,petrol,993.1428571428572,9.6,1,5
continent,air,6,3,2,0,4,average,10,4500,plane,petrol,2571.4285714285716,7.15,1,4
continent,land,1,3,1,1,6,average,9,4115,train,green_petrol,1143.0555555555554,8.450000000000001,0,16
world,land,5,2,1,1,5,good,14,1933,van,petrol,831.3978494623656,8.450000000000001,1,9
city,air,2,1,0,0,9,good,2,558,plane,petrol,318.8571428571429,1.9500000000000002,0,5
world,air,7,2,2,0,8,average,21,2141,plane,petrol,1223.4285714285716,7.15,1,8
continent,land,6,4,0,1,2,good,10,718,van,diesel,463.22580645161287,7.800000000000001,1,8
country,air,5,3,1,1,5,good,3,240,plane,petrol,137.14285714285714,7.15,1,1
city,air,2,0,1,0,3,poor,1,4574,plane,petrol,2613.7142857142862,3.25,0,6
country,air,8,0,1,1,6,good,4,225,plane,petrol,128.57142857142858,4.55,1,3
country,air,1,0,0,1,1,good,6,499,plane,petrol,285.14285714285717,4.55,0,9
world,sea,0,0,1,1,6,average,18,4387,ship,diesel,3290.2499999999995,6.5,0,23
world,sea,9,1,1,1,5,good,18,4231,ship,green_petrol,1322.1875,6.5,1,17
city,air,0,3,2,1,3,average,1,1773,plane,petrol,1013.1428571428572,5.85,0,3
country,air,6,2,1,0,6,poor,7,417,plane,petrol,238.2857142857143,5.85,1,6
world,sea,5,2,0,0,6,poor,20,2340,ship,diesel,1755.0,7.8,1,16
world,air,7,3,2,0,4,poor,20,4699,plane,petrol,2685.1428571428573,9.6,1,4
city,air,4,3,1,0,2,average,2,317,plane,petrol,181.14285714285717,4.550000000000001,0,5
continent,land,4,2,1,0,9,average,10,2853,train,petrol,1268.0,6.5,0,11
continent,land,8,2,1,1,8,good,13,1267,train,green_petrol,351.94444444444446,7.8,1,10
country,air,9,0,2,0,2,poor,7,249,plane,petrol,142.2857142857143,4.55,1,6
continent,air,6,3,2,0,1,good,13,1109,plane,petrol,633.7142857142858,7.15,1,1
country,air,5,4,0,1,1,good,3,266,plane,petrol,152.00000000000003,7.15,1,1
continent,land,6,2,1,1,5,good,10,2278,truck,green_petrol,647.1590909090909,7.15,1,8
continent,land,5,0,1,0,2,poor,10,2316,van,green_petrol,622.5806451612902,5.2,1,10
country,air,6,3,2,1,2,poor,5,205,plane,petrol,117.14285714285715,8.45,1,4
city,air,1,0,2,0,8,good,1,2876,plane,petrol,1643.4285714285716,1.9500000000000002,0,6
country,air,7,4,1,0,1,poor,5,398,plane,petrol,227.42857142857147,7.15,1,1
world,sea,4,4,0,1,6,poor,15,4866,ship,petrol,2433.0,9.6,0,19
world,sea,8,1,0,0,9,average,17,3789,ship,petrol,1894.5,5.2,1,17
city,air,8,3,0,1,8,average,2,2297,plane,petrol,1312.5714285714287,5.85,1,1
city,air,2,3,2,0,9,good,2,4649,plane,petrol,2656.571428571429,4.550000000000001,0,4
world,sea,9,0,1,0,4,good,19,1655,ship,diesel,1241.25,5.2,1,18
country,air,6,4,2,1,9,good,7,463,plane,petrol,264.5714285714286,7.15,1,2
country,air,8,0,2,0,5,poor,6,398,plane,petrol,227.42857142857147,4.55,1,3
country,air,4,0,0,0,4,average,3,249,plane,petrol,142.2857142857143,3.25,0,7
continent,air,5,1,2,0,8,good,13,3621,plane,petrol,2069.1428571428573,4.550000000000001,1,6
country,air,5,4,2,1,3,poor,7,491,plane,petrol,280.5714285714286,8.45,1,7
city,air,1,2,0,1,2,average,2,4974,plane,petrol,2842.2857142857147,4.55,0,7
continent,land,7,4,1,1,8,poor,12,3873,truck,petrol,1760.4545454545455,9.6,1,9
continent,land,5,0,0,0,5,average,11,2801,truck,diesel,1909.7727272727273,4.550000000000001,1,11
continent,land,1,2,0,1,8,good,8,1478,train,diesel,985.3333333333333,7.8,0,11
world,sea,1,2,1,1,9,average,16,2858,ship,diesel,2143.5,7.8,0,21
city,air,3,3,2,1,4,poor,1,565,plane,petrol,322.8571428571429,7.15,0,8
world,air,6,2,2,1,2,good,14,2772,plane,petrol,1584.0,8.450000000000001,1,1
city,air,3,4,1,1,1,average,1,1213,plane,petrol,693.1428571428572,5.85,0,4
continent,land,4,0,0,1,7,poor,12,3694,van,diesel,2383.2258064516127,7.8,0,18
city,air,8,2,2,0,4,poor,2,4000,plane,petrol,2285.714285714286,4.55,1,1
city,air,4,3,0,0,6,good,2,204,plane,petrol,116.5714285714286,4.550000000000001,0,6
city,air,9,2,2,0,0,average,2,4384,plane,petrol,2505.1428571428573,3.25,1,2
country,air,4,0,0,0,5,average,4,281,plane,petrol,160.57142857142858,3.25,0,7
country,air,1,3,0,0,9,poor,6,317,plane,petrol,181.14285714285717,7.15,0,8
city,air,1,2,2,1,3,poor,1,4398,plane,petrol,2513.1428571428573,5.85,0,2
city,air,3,1,0,0,8,average,2,2605,plane,petrol,1488.5714285714287,1.9500000000000002,0,7
world,air,8,0,2,1,7,poor,19,553,plane,petrol,316.00000000000006,8.450000000000001,1,3
continent,air,7,4,2,1,3,average,11,3478,plane,petrol,1987.4285714285716,8.450000000000001,1,5
city,air,1,0,1,1,5,good,2,598,plane,petrol,341.7142857142858,3.25,0,7
continent,land,1,0,1,1,2,good,13,1638,train,petrol,728.0,5.2,0,14
country,air,9,3,0,1,9,average,3,422,plane,petrol,241.14285714285717,7.15,1,1
world,sea,3,1,0,0,7,good,17,1260,ship,petrol,630.0,5.2,0,20
world,air,6,0,2,1,5,average,14,4001,plane,petrol,2286.2857142857147,7.15,1,9
world,air,9,0,2,0,4,average,16,1866,plane,petrol,1066.2857142857144,5.8500000000000005,1,4
country,air,7,4,1,1,0,poor,3,376,plane,petrol,214.8571428571429,8.45,1,1
continent,land,1,1,1,0,7,poor,8,2141,van,diesel,1381.290322580645,6.5,0,15
world,sea,5,1,1,0,1,average,18,2609,ship,green_petrol,815.3125,5.2,1,17
city,air,4,2,1,1,6,average,1,1028,plane,petrol,587.4285714285716,4.55,0,4
world,sea,7,2,0,0,4,good,19,4819,ship,petrol,2409.5,6.5,1,18
city,air,0,2,1,1,3,average,2,1794,plane,petrol,1025.1428571428573,4.55,0,4
continent,land,3,3,0,1,2,average,11,3041,train,green_petrol,844.7222222222222,7.800000000000001,0,14
country,air,8,4,0,0,0,good,4,449,plane,petrol,256.5714285714286,5.85,1,2
country,air,1,1,2,0,7,good,5,402,plane,petrol,229.71428571428575,3.25,0,7
country,air,1,2,1,1,0,poor,4,406,plane,petrol,232.00000000000003,7.1499999999999995,0,7
world,air,6,1,2,1,1,good,14,3383,plane,petrol,1933.1428571428573,7.15,1,6
country,air,4,0,1,0,2,average,3,211,plane,petrol,120.57142857142858,3.25,0,7
world,sea,6,4,0,0,4,average,15,604,ship,green_petrol,188.75,7.800000000000001,1,13
city,air,5,3,2,1,6,average,2,1429,plane,petrol,816.5714285714287,5.85,1,1
world,air,8,1,2,1,1,average,19,912,plane,petrol,521.1428571428572,7.15,1,4
world,sea,8,3,1,0,9,average,21,1605,ship,green_petrol,501.5625,7.800000000000001,1,17
country,air,6,1,0,0,6,good,5,429,plane,petrol,245.1428571428572,3.25,1,4
country,air,2,2,0,0,9,average,3,468,plane,petrol,267.42857142857144,4.55,0,7
country,air,5,3,1,0,8,average,7,493,plane,petrol,281.7142857142858,5.85,1,1
city,air,2,1,0,0,0,poor,1,3827,plane,petrol,2186.857142857143,3.25,0,5
world,sea,5,0,1,0,2,average,18,4989,ship,petrol,2494.5,5.2,1,18
world,sea,5,2,1,1,3,poor,21,3815,ship,green_petrol,1192.1875,9.1,1,20
city,air,1,4,0,1,3,good,2,247,plane,petrol,141.14285714285717,5.85,0,4
city,air,2,2,2,0,6,good,1,3054,plane,petrol,1745.1428571428573,3.25,0,2
city,air,2,2,1,1,1,average,1,4556,plane,petrol,2603.4285714285716,4.55,0,6
country,air,2,4,1,1,0,poor,4,215,plane,petrol,122.85714285714286,8.45,0,5
country,air,4,1,1,0,6,poor,6,204,plane,petrol,116.5714285714286,4.55,0,10
continent,land,5,0,1,0,2,good,13,4923,van,green_petrol,1323.3870967741934,3.9000000000000004,1,11
continent,land,5,0,1,1,3,good,8,4113,van,green_petrol,1105.6451612903224,5.2,1,7
world,sea,4,2,0,1,5,average,15,3516,ship,green_petrol,1098.75,7.8,0,19
city,air,0,1,2,1,3,poor,1,2233,plane,petrol,1276.0000000000002,4.55,0,9
continent,land,1,0,0,1,7,average,9,3997,truck,green_petrol,1135.5113636363637,6.5,0,17
continent,land,2,3,1,0,4,poor,12,751,train,petrol,333.7777777777778,8.450000000000001,0,17
continent,air,5,3,2,1,4,average,10,3815,plane,petrol,2180.0,8.450000000000001,1,7
world,air,7,2,2,0,3,poor,18,2839,plane,petrol,1622.2857142857147,8.450000000000001,1,5
city,air,2,1,2,0,3,average,2,4438,plane,petrol,2536.0,1.9500000000000002,0,3
country,air,7,4,1,0,1,good,6,219,plane,petrol,125.14285714285717,5.85,1,5
world,air,9,4,2,1,2,average,16,2060,plane,petrol,1177.142857142857,9.6,1,5
country,air,4,0,2,0,2,good,7,495,plane,petrol,282.8571428571429,3.25,0,9
world,sea,3,0,1,0,3,average,20,4656,ship,green_petrol,1455.0,5.2,0,24
world,sea,5,1,0,1,3,average,21,1465,ship,diesel,1098.75,6.5,1,21
country,air,9,1,1,0,2,good,4,312,plane,petrol,178.2857142857143,3.25,1,1
world,sea,6,2,0,0,8,poor,19,1517,ship,diesel,1137.7499999999998,7.8,1,17
country,air,2,0,1,1,4,poor,4,496,plane,petrol,283.42857142857144,5.85,0,5
world,air,9,0,2,1,3,average,18,2830,plane,petrol,1617.1428571428573,7.15,1,8
world,sea,1,2,0,1,1,good,21,2672,ship,green_petrol,835.0,7.8,0,22
country,air,5,1,2,0,3,average,3,493,plane,petrol,281.7142857142858,3.25,1,2
continent,land,7,4,0,0,7,average,11,920,train,petrol,408.88888888888886,7.800000000000001,1,11
world,air,9,4,2,0,3,poor,21,2902,plane,petrol,1658.2857142857142,9.6,1,1
continent,land,9,2,0,1,7,poor,13,3594,train,diesel,2396.0,9.1,1,12
continent,air,5,0,2,0,4,average,9,4704,plane,petrol,2688.0000000000005,4.550000000000001,1,7
country,air,3,0,2,0,4,good,5,380,plane,petrol,217.14285714285717,3.25,0,6
continent,land,5,0,0,1,6,average,13,1788,truck,petrol,812.7272727272727,5.8500000000000005,1,10
continent,land,4,2,0,0,5,poor,8,3112,van,diesel,2007.7419354838707,7.15,0,14
country,air,7,4,2,0,7,poor,6,362,plane,petrol,206.8571428571429,7.15,1,1
world,sea,6,3,0,1,9,good,17,3781,ship,petrol,1890.5,9.1,1,14
world,sea,1,1,0,0,7,good,21,4452,ship,petrol,2226.0,5.2,0,22
continent,land,4,4,1,1,7,average,11,2104,train,diesel,1402.6666666666665,9.1,0,17
country,air,6,2,0,1,5,poor,4,480,plane,petrol,274.2857142857143,7.1499999999999995,1,3
world,sea,3,3,1,0,5,average,16,3555,ship,diesel,2666.25,7.800000000000001,0,21
continent,air,9,4,2,0,3,good,13,415,plane,petrol,237.14285714285717,7.15,1,2
continent,land,3,1,1,1,9,average,12,1540,truck,green_petrol,437.5,6.5,0,17
country,air,7,4,0,0,4,good,6,248,plane,petrol,141.71428571428572,5.85,1,5
country,air,8,3,1,1,0,average,6,398,plane,petrol,227.42857142857147,7.15,1,1
continent,land,1,3,0,1,9,average,8,1778,train,diesel,1185.3333333333333,9.1,0,13
city,air,3,0,1,1,5,average,1,3618,plane,petrol,2067.4285714285716,3.25,0,4
country,air,2,1,1,1,7,good,5,215,plane,petrol,122.85714285714286,4.55,0,6
continent,land,5,4,1,1,3,good,8,650,van,green_petrol,174.7311827956989,7.800000000000001,1,7
world,land,3,0,1,0,7,average,14,1463,train,diesel,975.3333333333333,6.5,0,18
world,air,7,0,2,1,1,average,17,1305,plane,petrol,745.7142857142858,7.15,1,3
city,air,4,2,2,0,6,average,1,3941,plane,petrol,2252.0000000000005,3.25,0,7
continent,land,2,3,0,0,5,average,9,3519,train,petrol,1564.0,7.15,0,14
world,land,4,0,0,1,3,good,14,1725,train,petrol,766.6666666666666,6.5,0,16
continent,land,1,4,1,1,7,poor,9,3244,van,diesel,2092.9032258064512,9.6,0,11
continent,air,1,0,2,1,1,average,8,2590,plane,petrol,1480.0,5.8500000000000005,0,9
continent,air,7,4,2,0,3,average,11,2084,plane,petrol,1190.857142857143,7.15,1,1
continent,land,1,1,1,0,1,average,8,845,train,diesel,563.3333333333334,3.9000000000000004,0,14
continent,land,6,2,1,0,5,average,12,3233,train,diesel,2155.333333333333,5.8500000000000005,1,8
city,air,3,2,2,0,0,average,2,2932,plane,petrol,1675.4285714285716,3.25,0,7
city,air,1,2,0,0,7,poor,2,3282,plane,petrol,1875.4285714285718,4.55,0,6
country,air,9,0,1,0,2,poor,7,434,plane,petrol,248.00000000000006,4.55,1,5
city,air,4,0,0,1,1,poor,1,1601,plane,petrol,914.857142857143,4.55,0,10
country,air,2,2,2,1,8,average,3,243,plane,petrol,138.85714285714286,5.85,0,6
country,air,5,1,1,1,6,good,7,293,plane,petrol,167.42857142857144,4.55,1,1
world,sea,7,3,0,1,0,good,19,4080,ship,green_petrol,1275.0,9.1,1,16
country,air,5,4,0,0,7,average,6,448,plane,petrol,256.00000000000006,5.85,1,1
world,sea,2,0,0,0,1,good,15,4017,ship,diesel,3012.7499999999995,5.2,0,23
city,air,4,1,1,0,4,good,1,588,plane,petrol,336.00000000000006,1.9500000000000002,0,8
continent,land,8,4,1,1,6,good,12,296,train,diesel,197.33333333333331,8.450000000000001,1,9
continent,air,9,0,2,1,1,poor,11,748,plane,petrol,427.42857142857144,7.15,1,11
country,air,2,3,2,1,1,poor,3,460,plane,petrol,262.8571428571429,8.45,0,6
city,air,6,4,2,0,4,average,2,2742,plane,petrol,1566.857142857143,4.550000000000001,1,1
continent,land,0,1,1,1,6,poor,12,4399,van,petrol,1892.0430107526881,7.15,0,17
country,air,6,4,1,0,7,poor,5,379,plane,petrol,216.57142857142858,7.15,1,2
continent,land,5,0,0,1,5,good,13,1707,van,diesel,1101.2903225806451,5.8500000000000005,1,11
continent,air,6,0,2,0,2,average,13,977,plane,petrol,558.2857142857143,4.550000000000001,1,6
city,air,0,2,2,1,3,poor,1,1288,plane,petrol,736.0000000000001,5.85,0,3
continent,land,6,3,1,1,2,good,8,1228,train,green_petrol,341.1111111111111,7.800000000000001,1,4
continent,air,8,2,2,0,0,average,13,1068,plane,petrol,610.2857142857143,5.8500000000000005,1,1
city,air,2,0,0,0,5,poor,2,84,plane,petrol,48.00000000000001,3.25,0,6
city,air,2,4,2,0,6,average,2,53,plane,petrol,30.285714285714292,4.550000000000001,0,3
city,air,8,3,2,1,6,average,2,1589,plane,petrol,908.0000000000001,5.85,1,2
world,land,9,3,0,1,0,average,14,4812,train,petrol,2138.666666666667,9.1,1,13
continent,air,7,4,2,1,4,poor,12,3330,plane,petrol,1902.857142857143,9.6,1,8
world,land,6,3,1,1,3,poor,14,2231,train,green_petrol,619.7222222222222,9.6,1,8
city,air,0,0,1,0,4,good,1,3399,plane,petrol,1942.2857142857147,1.9500000000000002,0,8
country,air,2,4,0,0,4,good,3,427,plane,petrol,244.00000000000003,5.85,0,6
city,air,3,1,1,1,6,average,1,4358,plane,petrol,2490.2857142857147,3.25,0,3
country,air,6,3,0,0,3,good,4,224,plane,petrol,128.00000000000003,5.85,1,2
city,air,2,0,2,0,8,poor,1,1845,plane,petrol,1054.2857142857144,3.25,0,9
continent,land,6,2,1,1,7,poor,13,3846,truck,petrol,1748.1818181818182,9.1,1,11
city,air,3,0,2,1,3,poor,1,200,plane,petrol,114.28571428571429,4.55,0,9
city,air,4,4,2,1,7,poor,1,3353,plane,petrol,1916.0000000000002,7.15,0,7
city,air,2,4,1,0,3,poor,2,4672,plane,petrol,2669.7142857142862,5.85,0,5
country,air,5,4,1,0,6,average,6,454,plane,petrol,259.4285714285715,5.85,1,4
city,air,1,3,0,1,9,average,1,3166,plane,petrol,1809.1428571428573,5.85,0,6
continent,land,5,4,0,1,4,good,13,3575,truck,diesel,2437.5,8.450000000000001,1,10
city,air,5,3,0,0,4,poor,1,1334,plane,petrol,762.2857142857143,5.85,1,1
city,air,1,1,0,0,9,good,1,817,plane,petrol,466.8571428571429,1.9500000000000002,0,2
world,sea,2,0,0,1,2,average,17,4775,ship,green_petrol,1492.1875,6.5,0,22
city,air,2,0,2,1,0,good,1,2956,plane,petrol,1689.1428571428573,3.25,0,7
world,air,5,0,2,0,2,average,20,2606,plane,petrol,1489.1428571428573,5.8500000000000005,1,2
world,sea,2,3,0,1,7,poor,17,674,ship,green_petrol,210.625,9.6,0,20
continent,land,4,2,0,0,6,good,10,780,van,green_petrol,209.6774193548387,5.8500000000000005,0,15
city,air,4,0,2,0,0,poor,2,2003,plane,petrol,1144.5714285714287,3.25,0,5
continent,land,5,4,0,1,6,average,13,3922,train,petrol,1743.1111111111113,8.450000000000001,1,10
country,air,2,0,2,0,0,poor,5,290,plane,petrol,165.71428571428572,4.55,0,11
city,air,8,4,0,1,9,good,1,2306,plane,petrol,1317.714285714286,5.85,1,1
city,air,4,2,2,1,2,poor,2,3780,plane,petrol,2160.0,5.85,0,6
country,air,3,3,0,1,4,average,4,409,plane,petrol,233.71428571428575,7.15,0,6
world,sea,0,4,1,0,6,average,16,4272,ship,diesel,3203.9999999999995,7.800000000000001,0,18
continent,land,4,1,0,1,7,poor,8,1218,train,petrol,541.3333333333334,7.8,0,18
continent,land,2,0,0,1,4,good,10,4838,train,petrol,2150.222222222222,5.8500000000000005,0,16
continent,land,8,3,0,1,6,good,12,504,van,petrol,216.7741935483871,8.450000000000001,1,8
country,air,7,4,2,0,4,good,7,430,plane,petrol,245.71428571428572,5.85,1,1
world,sea,2,0,1,0,4,poor,17,3508,ship,petrol,1754.0,6.5,0,25
world,sea,9,3,1,1,3,good,17,4476,ship,petrol,2238.0,9.1,1,13
world,air,5,2,2,0,0,good,15,825,plane,petrol,471.42857142857144,7.15,1,5
continent,land,2,1,0,0,1,poor,8,3319,train,green_petrol,921.9444444444445,5.2,0,12
country,air,9,4,2,0,7,average,4,238,plane,petrol,136.0,5.85,1,3
city,air,0,3,2,1,6,average,1,2172,plane,petrol,1241.1428571428573,5.85,0,4
world,sea,2,1,0,0,6,good,18,4007,ship,petrol,2003.5000000000002,5.2,0,21
country,air,5,4,0,1,2,poor,7,237,plane,petrol,135.42857142857144,8.45,1,7
country,air,3,2,1,1,8,poor,5,487,plane,petrol,278.28571428571433,7.1499999999999995,0,6
continent,land,3,1,0,0,1,good,8,4467,van,diesel,2881.9354838709673,3.9000000000000004,0,9
continent,air,9,2,2,0,1,average,11,1253,plane,petrol,716.0000000000001,5.8500000000000005,1,1
continent,land,6,3,1,1,0,poor,13,3420,van,petrol,1470.967741935484,9.1,1,10
continent,land,5,1,0,0,0,poor,12,4570,van,green_petrol,1228.494623655914,5.2,1,10
country,air,0,1,2,1,1,average,4,431,plane,petrol,246.2857142857143,4.55,0,5
country,air,5,3,2,1,9,good,6,473,plane,petrol,270.28571428571433,7.15,1,6
world,sea,7,2,1,1,6,good,20,3810,ship,petrol,1905.0,7.8,1,16
world,sea,0,3,0,0,2,good,19,3247,ship,green_petrol,1014.6875,7.800000000000001,0,20
city,air,0,0,0,1,1,good,1,2964,plane,petrol,1693.714285714286,3.25,0,5
country,air,2,0,0,1,9,poor,7,213,plane,petrol,121.71428571428572,5.85,0,11
world,sea,4,2,0,0,5,average,18,1484,ship,diesel,1113.0,6.5,0,22
city,air,4,3,1,0,7,poor,1,1041,plane,petrol,594.8571428571429,5.85,0,2
world,air,7,4,2,1,6,average,19,1934,plane,petrol,1105.1428571428573,9.6,1,7
city,air,0,0,1,0,2,average,2,818,plane,petrol,467.4285714285715,1.9500000000000002,0,4
country,air,7,2,1,0,9,poor,6,434,plane,petrol,248.00000000000006,5.85,1,5
continent,air,5,3,2,0,8,good,9,4462,plane,petrol,2549.7142857142862,7.15,1,6
city,air,2,0,0,1,9,poor,1,1468,plane,petrol,838.857142857143,4.55,0,11
continent,air,6,0,2,0,4,average,10,3722,plane,petrol,2126.857142857143,4.550000000000001,1,5
city,air,1,0,0,0,4,good,1,3310,plane,petrol,1891.4285714285716,1.9500000000000002,0,7
continent,air,9,0,2,0,3,average,10,3687,plane,petrol,2106.857142857143,4.550000000000001,1,7
continent,land,2,2,1,1,7,good,13,1179,truck,diesel,803.8636363636364,7.8,0,14
world,air,7,2,2,0,4,average,16,4002,plane,petrol,2286.857142857143,7.15,1,6
world,sea,6,2,1,0,6,average,16,1459,ship,diesel,1094.25,6.5,1,15
world,sea,1,1,1,1,0,poor,20,729,ship,green_petrol,227.8125,7.8,0,24
world,air,8,3,2,0,6,poor,14,1296,plane,petrol,740.5714285714286,9.6,1,2
city,air,4,2,0,1,7,poor,1,4012,plane,petrol,2292.571428571429,5.85,0,9
continent,land,2,1,0,0,8,good,10,1366,train,green_petrol,379.44444444444446,5.2,0,15
continent,land,3,1,1,1,3,good,10,1753,train,petrol,779.1111111111111,5.2,0,12
country,air,2,1,0,1,1,good,3,246,plane,petrol,140.57142857142858,4.55,0,5
country,air,6,1,0,1,6,poor,7,202,plane,petrol,115.42857142857146,5.85,1,7
city,air,2,3,1,0,6,good,2,279,plane,petrol,159.42857142857144,4.550000000000001,0,4
city,air,0,2,2,0,0,good,1,351,plane,petrol,200.57142857142858,3.25,0,2
city,air,7,3,2,1,1,poor,2,4883,plane,petrol,2790.2857142857147,7.15,1,1
continent,land,1,0,0,1,5,average,11,4180,train,petrol,1857.7777777777778,5.8500000000000005,0,16
world,sea,7,4,1,0,2,average,21,527,ship,green_petrol,164.6875,7.800000000000001,1,18
country,air,9,2,1,0,8,good,4,399,plane,petrol,228.00000000000006,4.55,1,3
country,air,3,3,0,1,8,average,4,307,plane,petrol,175.42857142857144,7.15,0,7
world,sea,5,4,0,0,2,poor,18,3538,ship,petrol,1769.0,9.1,1,18
country,air,9,2,2,0,4,average,5,359,plane,petrol,205.14285714285714,4.55,1,4
city,air,9,3,1,1,8,poor,1,4628,plane,petrol,2644.571428571429,7.15,1,1
continent,land,0,4,0,0,5,poor,9,4110,van,diesel,2651.6129032258063,8.450000000000001,0,10
city,air,0,4,2,1,8,good,1,1249,plane,petrol,713.7142857142858,5.85,0,5
world,air,6,0,2,1,6,good,19,3547,plane,petrol,2026.8571428571433,7.15,1,7
world,air,7,2,2,1,1,average,16,3099,plane,petrol,1770.8571428571431,8.450000000000001,1,2
city,air,0,1,2,0,3,good,1,1345,plane,petrol,768.5714285714287,1.9500000000000002,0,4
continent,land,7,0,1,1,1,good,12,4130,truck,green_petrol,1173.2954545454545,5.2,1,8
world,sea,4,1,1,0,1,poor,15,605,ship,petrol,302.5,6.5,0,20
world,sea,2,2,0,0,4,average,20,4375,ship,petrol,2187.5,6.5,0,22
world,air,7,0,2,1,7,average,17,1060,plane,petrol,605.7142857142858,7.15,1,3
city,air,7,2,2,0,3,good,2,2982,plane,petrol,1704.0,3.25,1,1
world,land,5,3,0,0,1,average,14,3611,van,petrol,1553.1182795698926,7.800000000000001,1,11
city,air,2,0,1,1,4,poor,1,1155,plane,petrol,660.0,4.55,0,4
world,sea,0,1,0,0,9,average,20,590,ship,petrol,295.0,5.2,0,23
continent,air,7,3,2,0,1,average,11,4359,plane,petrol,2490.857142857143,7.15,1,6
country,air,7,2,2,1,4,poor,7,343,plane,petrol,196.00000000000003,7.1499999999999995,1,1
continent,land,5,4,0,1,6,average,12,481,truck,petrol,218.63636363636365,8.450000000000001,1,12
world,sea,7,0,1,1,0,good,21,1324,ship,diesel,992.9999999999999,6.5,1,18
country,air,9,2,2,0,9,average,3,345,plane,petrol,197.14285714285717,4.55,1,3
city,air,0,1,1,0,4,good,2,4548,plane,petrol,2598.857142857143,1.9500000000000002,0,8
continent,land,9,2,1,1,5,average,10,887,van,green_petrol,238.44086021505376,7.15,1,9
continent,land,5,3,1,0,6,poor,9,779,train,green_petrol,216.38888888888889,8.450000000000001,1,9
world,air,8,1,2,1,5,poor,17,996,plane,petrol,569.1428571428572,8.450000000000001,1,7
world,air,8,2,2,1,2,good,15,527,plane,petrol,301.14285714285717,8.450000000000001,1,6
continent,air,9,0,2,1,7,average,10,4228,plane,petrol,2416.0,5.8500000000000005,1,9
country,air,5,2,0,0,3,good,4,500,plane,petrol,285.7142857142857,4.55,1,1
continent,air,9,3,2,0,1,good,11,3541,plane,petrol,2023.4285714285718,7.15,1,1
city,air,4,2,2,1,8,average,2,1665,plane,petrol,951.4285714285714,4.55,0,5
city,air,4,0,0,1,3,good,2,1579,plane,petrol,902.2857142857143,3.25,0,5
city,air,0,1,1,1,9,poor,2,4426,plane,petrol,2529.1428571428573,4.55,0,8
country,air,9,3,2,0,2,good,5,417,plane,petrol,238.2857142857143,5.85,1,1
world,air,7,3,2,0,1,average,14,3443,plane,petrol,1967.4285714285716,8.450000000000001,1,1
world,sea,4,2,1,0,8,good,19,2307,ship,petrol,1153.5,6.5,0,22
country,air,7,2,2,1,1,good,3,475,plane,petrol,271.42857142857144,5.85,1,2
city,air,7,4,1,0,6,poor,2,4837,plane,petrol,2764.0000000000005,5.85,1,1
world,sea,6,1,1,1,1,good,15,3841,ship,petrol,1920.5,6.5,1,14
world,air,9,3,2,1,7,poor,21,2911,plane,petrol,1663.4285714285716,9.6,1,8
continent,land,9,2,1,0,4,average,13,2289,train,green_petrol,635.8333333333334,5.8500000000000005,1,11
continent,land,1,0,0,0,9,poor,13,2536,truck,diesel,1729.090909090909,6.5,0,20
world,sea,4,1,1,1,8,poor,15,550,ship,green_petrol,171.875,7.8,0,22
city,air,7,3,2,1,6,average,2,4752,plane,petrol,2715.428571428572,5.85,1,1
city,air,3,4,1,1,0,poor,1,464,plane,petrol,265.14285714285717,7.15,0,4
world,air,9,1,2,0,4,average,14,3933,plane,petrol,2247.4285714285716,5.8500000000000005,1,9
city,air,6,3,0,1,3,good,2,3720,plane,petrol,2125.714285714286,5.85,1,2
continent,air,5,4,2,1,0,poor,11,3501,plane,petrol,2000.571428571429,9.6,1,2
continent,land,6,3,0,0,0,poor,9,3214,train,green_petrol,892.7777777777777,7.800000000000001,1,9
continent,air,7,2,2,1,9,average,13,381,plane,petrol,217.71428571428572,7.15,1,8
city,air,0,0,0,0,1,good,1,4355,plane,petrol,2488.571428571429,1.9500000000000002,0,5
continent,land,3,0,1,0,0,good,11,548,train,diesel,365.3333333333333,3.9000000000000004,0,14
country,air,5,3,0,1,5,good,4,223,plane,petrol,127.42857142857144,7.15,1,1
city,air,1,4,1,1,0,average,2,3598,plane,petrol,2056.0,5.85,0,4
world,air,8,1,2,0,4,poor,21,3434,plane,petrol,1962.2857142857147,7.15,1,7
world,air,5,3,2,1,7,average,18,4281,plane,petrol,2446.2857142857147,9.6,1,7
city,air,7,3,0,1,9,average,2,2532,plane,petrol,1446.8571428571431,5.85,1,1
world,air,8,3,2,0,3,good,18,1983,plane,petrol,1133.1428571428573,8.450000000000001,1,3
continent,air,9,3,2,0,2,poor,9,2272,plane,petrol,1298.2857142857144,8.450000000000001,1,8
world,sea,9,4,0,0,0,good,17,645,ship,green_petrol,201.5625,7.800000000000001,1,14
continent,land,6,4,0,0,1,good,12,4213,van,petrol,1812.0430107526881,6.5,1,8
city,air,1,4,1,0,8,average,1,3807,plane,petrol,2175.428571428572,4.550000000000001,0,5
world,sea,1,4,1,1,6,poor,19,4379,ship,petrol,2189.5,9.6,0,20
world,sea,3,2,0,0,0,average,19,538,ship,green_petrol,168.125,6.5,0,22
continent,air,6,3,2,0,5,average,10,1378,plane,petrol,787.4285714285716,7.15,1,6
country,air,8,1,2,0,1,poor,6,452,plane,petrol,258.28571428571433,4.55,1,6
world,air,7,3,2,1,0,poor,19,1673,plane,petrol,956.0000000000001,9.6,1,3
continent,air,5,3,2,0,3,average,8,464,plane,petrol,265.14285714285717,7.15,1,1
world,sea,9,4,0,0,8,good,19,1583,ship,green_petrol,494.6875,7.800000000000001,1,12
world,sea,8,3,0,0,8,poor,16,988,ship,diesel,740.9999999999999,9.1,1,15
world,sea,3,4,0,0,0,poor,19,4753,ship,diesel,3564.7499999999995,9.1,0,22
country,air,6,3,2,1,3,average,4,282,plane,petrol,161.14285714285717,7.15,1,1
country,air,5,4,2,0,2,good,7,443,plane,petrol,253.1428571428572,5.85,1,1
country,air,5,0,1,1,5,average,3,213,plane,petrol,121.71428571428572,4.55,1,3
continent,land,8,1,0,0,0,average,11,4737,truck,diesel,3229.772727272727,3.9000000000000004,1,8
city,air,0,4,2,1,6,poor,2,1294,plane,petrol,739.4285714285716,7.15,0,3
continent,land,5,4,1,1,1,good,10,4798,van,petrol,2063.6559139784945,7.800000000000001,1,5
country,air,5,4,1,0,4,good,6,207,plane,petrol,118.2857142857143,5.85,1,1
world,air,7,3,2,1,6,good,19,1375,plane,petrol,785.7142857142858,9.6,1,1
continent,land,2,0,0,1,1,poor,10,4959,train,green_petrol,1377.5,6.5,0,11
country,air,6,4,2,1,3,average,4,297,plane,petrol,169.71428571428575,7.15,1,1
city,air,4,4,1,1,5,average,1,4031,plane,petrol,2303.4285714285716,5.85,0,4
continent,land,3,1,0,1,8,average,10,4129,van,diesel,2663.8709677419356,6.5,0,15
world,sea,3,0,1,1,0,good,16,3287,ship,petrol,1643.5000000000002,6.5,0,20
country,air,4,2,1,1,3,poor,3,473,plane,petrol,270.28571428571433,7.1499999999999995,0,6
world,sea,7,4,0,0,5,good,16,4418,ship,green_petrol,1380.625,7.800000000000001,1,12
continent,land,5,3,0,0,1,average,13,235,truck,diesel,160.22727272727272,6.5,1,5
city,air,5,3,1,1,8,average,1,4933,plane,petrol,2818.857142857143,5.85,1,1
world,sea,9,2,1,0,7,average,19,2879,ship,diesel,2159.2499999999995,6.5,1,19
continent,land,1,2,0,1,9,poor,9,1574,van,petrol,676.989247311828,9.1,0,11
city,air,1,0,0,0,4,good,1,4187,plane,petrol,2392.571428571429,1.9500000000000002,0,6
city,air,8,4,0,0,7,good,1,700,plane,petrol,400.0,4.550000000000001,1,1
country,air,7,4,1,1,3,average,5,363,plane,petrol,207.42857142857147,7.15,1,5
continent,land,3,0,0,0,6,poor,9,3420,train,green_petrol,950.0,5.8500000000000005,0,15
world,air,8,2,2,0,6,average,15,1500,plane,petrol,857.1428571428572,7.15,1,1
continent,air,4,0,2,0,2,poor,9,2289,plane,petrol,1308.0000000000002,5.8500000000000005,0,11
city,air,9,1,2,0,9,average,1,3563,plane,petrol,2036.0000000000002,1.9500000000000002,1,1
city,air,3,3,0,1,6,poor,2,1165,plane,petrol,665.7142857142858,7.15,0,6
country,air,2,3,1,0,6,poor,3,392,plane,petrol,224.00000000000003,7.15,0,7
continent,land,7,1,0,1,8,poor,13,431,truck,diesel,293.8636363636363,7.8,1,13
country,air,6,4,2,0,7,good,6,219,plane,petrol,125.14285714285717,5.85,1,6
world,air,5,1,2,0,5,good,21,4238,plane,petrol,2421.714285714286,5.8500000000000005,1,4
continent,air,9,3,2,0,0,poor,9,1275,plane,petrol,728.5714285714287,8.450000000000001,1,1
world,sea,3,3,0,1,0,poor,15,4555,ship,diesel,3416.25,9.6,0,21
country,air,3,2,1,1,5,good,4,499,plane,petrol,285.14285714285717,5.85,0,6
country,air,9,2,2,0,9,good,3,426,plane,petrol,243.42857142857144,4.55,1,3
city,air,3,3,0,1,3,poor,1,1723,plane,petrol,984.5714285714287,7.15,0,7
city,air,2,4,2,0,4,poor,1,1327,plane,petrol,758.2857142857144,5.85,0,7
continent,land,3,1,1,1,8,average,12,436,train,petrol,193.77777777777777,6.5,0,13
country,air,8,3,0,0,7,average,7,274,plane,petrol,156.57142857142858,5.85,1,5
country,air,3,4,2,0,3,average,3,354,plane,petrol,202.28571428571428,5.85,0,7
continent,land,0,0,0,1,8,average,13,1725,van,green_petrol,463.7096774193548,6.5,0,19
continent,land,4,3,0,0,8,average,9,1024,train,petrol,455.11111111111114,7.800000000000001,0,12
world,land,3,2,1,1,7,poor,14,2667,van,green_petrol,716.9354838709677,9.6,0,16
continent,air,5,1,2,1,2,average,13,2982,plane,petrol,1704.0,5.8500000000000005,1,8
city,air,3,0,2,1,6,average,2,3884,plane,petrol,2219.4285714285716,3.25,0,5
country,air,9,3,0,1,3,poor,3,281,plane,petrol,160.57142857142858,8.45,1,2
country,air,8,1,2,1,4,average,3,304,plane,petrol,173.71428571428575,4.55,1,3
city,air,1,4,0,0,3,poor,1,1061,plane,petrol,606.2857142857143,5.85,0,6
world,sea,9,1,0,0,8,good,21,2576,ship,green_petrol,805.0,5.2,1,21
world,sea,7,2,0,1,0,poor,21,1253,ship,petrol,626.5,9.1,1,18
country,air,8,1,2,1,2,good,6,245,plane,petrol,140.0,4.55,1,6
country,air,8,3,2,1,4,average,4,440,plane,petrol,251.42857142857144,7.15,1,1
continent,land,8,3,0,1,9,good,12,4634,train,petrol,2059.5555555555557,9.1,1,9
city,air,1,1,2,1,5,good,2,3432,plane,petrol,1961.1428571428576,3.25,0,3
city,air,2,1,1,0,1,average,1,938,plane,petrol,536.0000000000001,1.9500000000000002,0,3
city,air,3,1,0,1,2,good,1,1308,plane,petrol,747.4285714285716,3.25,0,7
continent,land,6,4,0,0,6,good,11,4469,truck,diesel,3047.0454545454545,7.15,1,6
country,air,3,0,0,1,2,average,4,213,plane,petrol,121.71428571428572,4.55,0,9
continent,air,8,4,2,0,0,poor,10,3029,plane,petrol,1730.8571428571431,8.450000000000001,1,7
country,air,8,4,0,0,8,average,5,330,plane,petrol,188.57142857142858,5.85,1,4
country,air,8,3,1,1,5,average,5,276,plane,petrol,157.71428571428572,7.15,1,1
world,sea,1,0,1,1,9,good,16,2865,ship,petrol,1432.5,6.5,0,21
world,sea,1,1,1,1,5,good,18,1466,ship,diesel,1099.5,6.5,0,23
continent,air,8,2,2,0,9,poor,9,1919,plane,petrol,1096.5714285714287,7.15,1,7
continent,air,8,2,2,0,1,average,8,4808,plane,petrol,2747.4285714285716,5.8500000000000005,1,5
country,air,2,0,0,0,0,average,4,309,plane,petrol,176.57142857142858,3.25,0,5
city,air,1,1,1,1,8,average,2,2712,plane,petrol,1549.7142857142858,3.25,0,9
continent,air,7,4,2,1,5,average,8,3231,plane,petrol,1846.2857142857144,8.450000000000001,1,6
city,air,4,2,2,1,1,good,1,12,plane,petrol,6.8571428571428585,4.55,0,3
city,air,8,4,1,0,7,good,2,2931,plane,petrol,1674.8571428571431,4.550000000000001,1,2
country,air,3,0,1,1,4,average,3,408,plane,petrol,233.1428571428572,4.55,0,9
continent,land,0,1,1,0,9,poor,10,1132,train,diesel,754.6666666666666,6.5,0,12
city,air,6,4,2,0,4,good,2,1348,plane,petrol,770.2857142857144,4.550000000000001,1,1
world,sea,0,1,1,1,4,poor,17,1205,ship,diesel,903.75,7.8,0,22
world,sea,0,0,1,1,4,poor,16,4466,ship,petrol,2233.0,7.8,0,22
city,air,3,3,2,1,7,good,2,3263,plane,petrol,1864.5714285714287,5.85,0,6
country,air,2,2,2,0,1,poor,6,283,plane,petrol,161.71428571428572,5.85,0,9
city,air,5,2,1,1,2,good,1,41,plane,petrol,23.428571428571434,4.55,1,1
world,air,8,2,2,1,1,average,14,4581,plane,petrol,2617.7142857142862,8.450000000000001,1,2
country,air,7,1,1,1,7,good,6,234,plane,petrol,133.71428571428572,4.55,1,5
world,air,6,0,2,1,1,average,19,2698,plane,petrol,1541.7142857142858,7.15,1,9
country,air,8,4,2,1,3,good,4,457,plane,petrol,261.14285714285717,7.15,1,1
city,air,3,4,0,1,0,good,1,3760,plane,petrol,2148.571428571429,5.85,0,6
country,air,6,3,1,1,8,good,5,485,plane,petrol,277.14285714285717,7.15,1,1
country,air,6,0,1,0,8,good,6,459,plane,petrol,262.28571428571433,3.25,1,4
world,sea,5,3,1,1,6,average,18,3222,ship,diesel,2416.4999999999995,9.1,1,13
world,air,8,1,2,1,5,average,21,729,plane,petrol,416.5714285714286,7.15,1,2
country,air,7,2,1,1,4,average,3,271,plane,petrol,154.85714285714286,5.85,1,1
city,air,3,0,0,0,5,poor,2,3318,plane,petrol,1896.0000000000002,3.25,0,9
world,sea,4,0,1,0,7,poor,18,1885,ship,diesel,1413.75,6.5,0,25
world,land,7,4,1,0,8,good,14,697,train,diesel,464.66666666666663,9.1,1,11
continent,land,2,1,1,1,4,poor,10,2503,truck,green_petrol,711.0795454545455,7.15,0,12
continent,land,5,4,1,1,3,average,10,2066,van,diesel,1332.9032258064515,7.800000000000001,1,7
continent,air,5,3,2,1,2,good,9,1312,plane,petrol,749.7142857142859,8.450000000000001,1,1
continent,land,5,4,1,1,5,poor,11,2454,train,petrol,1090.6666666666667,9.6,1,11
country,air,8,2,1,1,4,average,6,233,plane,petrol,133.14285714285717,5.85,1,1
city,air,4,4,2,0,0,poor,1,2156,plane,petrol,1232.0000000000002,5.85,0,8
country,air,2,4,2,1,8,poor,3,325,plane,petrol,185.71428571428572,8.45,0,6
country,air,8,3,2,0,0,good,5,500,plane,petrol,285.7142857142857,5.85,1,2
city,air,1,4,0,0,0,average,1,3976,plane,petrol,2272.0000000000005,4.550000000000001,0,2
continent,land,0,3,1,0,7,poor,9,4891,van,petrol,2103.6559139784945,9.1,0,12
world,sea,3,2,1,1,4,poor,20,4849,ship,petrol,2424.5,9.1,0,23
city,air,4,3,0,1,7,poor,2,387,plane,petrol,221.14285714285717,7.15,0,5
world,sea,1,0,1,0,2,good,21,4877,ship,petrol,2438.5,5.2,0,22
world,sea,4,4,1,1,3,good,17,537,ship,petrol,268.5,9.1,0,19
country,air,6,2,0,0,8,poor,6,305,plane,petrol,174.2857142857143,5.85,1,6
country,air,9,1,2,0,6,good,5,392,plane,petrol,224.00000000000003,3.25,1,1
country,air,0,4,2,0,9,poor,5,255,plane,petrol,145.71428571428572,7.15,0,6
country,air,9,3,2,0,2,average,4,291,plane,petrol,166.2857142857143,5.85,1,1
world,air,7,1,2,1,7,good,16,684,plane,petrol,390.8571428571429,7.15,1,1
city,air,1,0,2,0,2,poor,2,4610,plane,petrol,2634.2857142857147,3.25,0,6
city,air,2,0,0,0,6,average,2,2747,plane,petrol,1569.7142857142858,1.9500000000000002,0,3
country,air,5,2,0,0,0,good,6,365,plane,petrol,208.57142857142858,4.55,1,1
world,air,7,4,2,1,5,average,17,1239,plane,petrol,708.0000000000001,9.6,1,2
country,air,8,3,1,1,4,average,4,289,plane,petrol,165.14285714285717,7.15,1,2
country,air,5,1,0,0,1,average,7,304,plane,petrol,173.71428571428575,3.25,1,7
continent,air,9,4,2,0,4,poor,12,2488,plane,petrol,1421.7142857142858,8.450000000000001,1,3
city,air,2,4,0,1,9,average,2,3372,plane,petrol,1926.8571428571433,5.85,0,7
country,air,0,3,1,0,0,poor,4,433,plane,petrol,247.42857142857147,7.15,0,7
city,air,2,0,1,1,7,poor,1,608,plane,petrol,347.4285714285715,4.55,0,10
city,air,0,3,2,0,5,poor,1,4873,plane,petrol,2784.571428571429,5.85,0,2
country,air,8,1,1,0,0,good,7,215,plane,petrol,122.85714285714286,3.25,1,2
city,air,6,4,2,0,6,good,1,3142,plane,petrol,1795.4285714285718,4.550000000000001,1,1
country,air,3,0,1,0,9,average,5,211,plane,petrol,120.57142857142858,3.25,0,10
world,air,6,1,2,0,3,average,20,2274,plane,petrol,1299.4285714285716,5.8500000000000005,1,7
continent,air,9,2,2,1,8,average,11,1686,plane,petrol,963.4285714285717,7.15,1,1
world,air,5,3,2,1,3,poor,15,3679,plane,petrol,2102.2857142857147,9.6,1,3
world,sea,5,3,0,0,3,average,16,1451,ship,diesel,1088.25,7.800000000000001,1,16
country,air,1,3,0,0,4,poor,5,343,plane,petrol,196.00000000000003,7.15,0,7
continent,land,2,3,0,1,2,poor,8,3787,train,petrol,1683.1111111111113,9.1,0,9
continent,air,8,3,2,1,9,poor,8,2111,plane,petrol,1206.2857142857144,9.6,1,1
city,air,0,2,0,0,1,poor,1,70,plane,petrol,40.0,4.55,0,5
world,sea,7,1,0,1,4,average,17,4228,ship,petrol,2114.0,6.5,1,16
country,air,9,3,0,0,4,good,5,388,plane,petrol,221.71428571428575,5.85,1,3
continent,land,0,1,1,1,9,poor,13,851,van,petrol,366.0215053763441,7.8,0,20
world,sea,1,0,0,1,3,good,19,1536,ship,diesel,1151.9999999999998,6.5,0,23
city,air,0,3,2,0,8,poor,2,2955,plane,petrol,1688.5714285714287,5.85,0,7
world,sea,7,4,1,1,1,good,15,2035,ship,diesel,1526.25,9.1,1,13
country,air,5,0,1,1,2,good,6,223,plane,petrol,127.42857142857144,4.55,1,1
country,air,2,2,1,0,5,poor,4,391,plane,petrol,223.42857142857144,5.85,0,8
world,sea,2,4,1,1,3,poor,15,1121,ship,petrol,560.5,9.6,0,21
country,air,9,0,1,1,6,poor,7,367,plane,petrol,209.71428571428575,5.85,1,4
country,air,3,0,0,1,4,average,5,471,plane,petrol,269.14285714285717,4.55,0,7
world,sea,7,1,0,0,7,poor,19,2690,ship,petrol,1345.0,6.5,1,18
city,air,6,2,1,0,2,poor,2,2625,plane,petrol,1500.0,4.55,1,1
continent,land,5,4,0,1,2,good,9,4176,van,diesel,2694.1935483870966,7.800000000000001,1,9
continent,land,5,2,0,1,1,average,13,3299,van,petrol,1418.9247311827958,6.5,1,11
city,air,0,4,0,0,3,average,1,4559,plane,petrol,2605.1428571428573,4.550000000000001,0,7
continent,land,8,3,0,0,9,good,11,3219,truck,green_petrol,914.4886363636364,7.800000000000001,1,7
continent,land,7,4,1,0,1,average,12,2551,truck,petrol,1159.5454545454547,6.5,1,6
world,sea,0,2,1,0,8,poor,17,4307,ship,diesel,3230.2499999999995,7.8,0,24
continent,land,4,3,0,1,0,average,11,482,truck,green_petrol,136.9318181818182,7.800000000000001,0,13
continent,land,5,4,0,0,7,good,12,4003,van,diesel,2582.58064516129,7.800000000000001,1,11
continent,land,6,4,0,0,2,good,13,2237,van,green_petrol,601.3440860215053,6.5,1,8
country,air,8,2,2,0,5,good,5,373,plane,petrol,213.14285714285717,4.55,1,3
country,air,8,4,2,0,5,average,3,485,plane,petrol,277.14285714285717,5.85,1,1
country,air,8,4,2,0,8,good,7,267,plane,petrol,152.57142857142858,5.85,1,6
city,air,1,0,2,1,9,poor,2,4516,plane,petrol,2580.571428571429,4.55,0,11
country,air,3,1,1,0,6,good,3,214,plane,petrol,122.2857142857143,3.25,0,6
continent,land,8,3,0,1,4,poor,12,3282,van,petrol,1411.6129032258066,9.6,1,12
world,land,8,1,0,1,2,good,14,2386,van,petrol,1026.236559139785,6.5,1,6
continent,air,7,3,2,0,1,average,8,1503,plane,petrol,858.857142857143,7.15,1,5
continent,air,9,3,2,1,4,poor,13,3952,plane,petrol,2258.2857142857147,9.6,1,1
city,air,4,1,2,1,0,average,1,3976,plane,petrol,2272.0000000000005,3.25,0,6
country,air,7,3,1,1,5,good,5,430,plane,petrol,245.71428571428572,7.15,1,1
country,air,8,1,0,0,2,poor,5,470,plane,petrol,268.5714285714286,4.55,1,2
world,air,9,2,2,0,0,average,18,1859,plane,petrol,1062.2857142857144,7.15,1,8
world,sea,8,1,1,0,7,good,17,3349,ship,petrol,1674.5,5.2,1,17
world,sea,0,4,1,1,5,good,17,2916,ship,diesel,2186.9999999999995,9.1,0,20
continent,air,6,1,2,1,3,average,13,2748,plane,petrol,1570.2857142857144,5.8500000000000005,1,9
continent,air,5,3,2,0,7,good,9,4431,plane,petrol,2532.0000000000005,7.15,1,1
world,land,0,1,1,0,6,poor,14,2161,van,petrol,929.4623655913979,7.15,0,19
continent,air,8,4,2,0,3,good,13,2930,plane,petrol,1674.2857142857144,7.15,1,2
continent,land,1,3,1,0,3,poor,9,3096,train,petrol,1376.0,7.800000000000001,0,13
country,air,1,0,2,1,9,good,4,338,plane,petrol,193.14285714285717,4.55,0,9
city,air,0,3,2,0,0,poor,1,1807,plane,petrol,1032.5714285714287,5.85,0,5
world,air,8,1,2,0,1,poor,16,3398,plane,petrol,1941.714285714286,7.15,1,7
country,air,3,0,1,0,1,average,3,241,plane,petrol,137.71428571428572,3.25,0,5
country,air,7,0,2,0,8,good,7,440,plane,petrol,251.42857142857144,3.25,1,1
country,air,9,2,1,1,5,poor,6,402,plane,petrol,229.71428571428575,7.1499999999999995,1,6
city,air,7,2,2,1,5,average,1,3402,plane,petrol,1944.0000000000005,4.55,1,1
city,air,0,0,1,1,9,good,1,4316,plane,petrol,2466.2857142857147,3.25,0,4
world,sea,5,3,1,1,4,good,17,3565,ship,petrol,1782.5,9.1,1,13
continent,land,0,2,0,1,0,poor,9,601,van,petrol,258.494623655914,7.8,0,13
country,air,7,2,1,0,8,good,3,358,plane,petrol,204.5714285714286,4.55,1,1
country,air,6,0,0,0,1,poor,7,375,plane,petrol,214.2857142857143,4.55,1,6
city,air,0,1,0,1,9,good,2,4087,plane,petrol,2335.428571428572,3.25,0,5
continent,land,9,1,0,0,1,good,10,1538,van,petrol,661.505376344086,3.9000000000000004,1,7
country,air,5,2,2,0,7,good,5,225,plane,petrol,128.57142857142858,4.55,1,1
city,air,8,4,2,0,5,good,2,4885,plane,petrol,2791.4285714285716,4.550000000000001,1,1
country,air,8,1,0,1,7,average,7,256,plane,petrol,146.2857142857143,4.55,1,7
world,sea,4,3,0,0,1,average,15,3997,ship,green_petrol,1249.0625,7.800000000000001,0,17
world,air,6,0,2,0,9,average,14,2494,plane,petrol,1425.1428571428573,5.8500000000000005,1,8
country,air,9,3,1,1,7,good,4,498,plane,petrol,284.5714285714286,7.15,1,3
city,air,0,1,0,1,2,poor,2,2635,plane,petrol,1505.7142857142858,4.55,0,5
continent,air,9,4,2,0,0,average,10,321,plane,petrol,183.42857142857144,7.15,1,3
country,air,7,4,2,0,3,good,4,250,plane,petrol,142.85714285714286,5.85,1,1
world,air,6,1,2,0,9,poor,18,2020,plane,petrol,1154.2857142857144,7.15,1,4
city,air,2,0,0,0,8,good,2,1051,plane,petrol,600.5714285714287,1.9500000000000002,0,6
world,air,9,4,2,0,9,poor,18,3016,plane,petrol,1723.4285714285716,9.6,1,6
world,sea,8,3,0,0,3,good,19,4926,ship,diesel,3694.4999999999995,7.800000000000001,1,15
continent,land,6,1,0,0,3,good,12,1515,truck,diesel,1032.9545454545455,3.9000000000000004,1,10
country,air,6,2,0,0,1,average,4,416,plane,petrol,237.71428571428575,4.55,1,1
continent,air,9,4,2,1,3,good,8,1163,plane,petrol,664.5714285714287,8.450000000000001,1,1
country,air,0,1,0,1,9,average,5,423,plane,petrol,241.71428571428575,4.55,0,7
country,air,9,4,0,0,5,good,4,445,plane,petrol,254.2857142857143,5.85,1,1
country,air,9,0,0,0,8,average,4,222,plane,petrol,126.85714285714288,3.25,1,2
city,air,1,3,1,1,7,poor,1,170,plane,petrol,97.14285714285715,7.15,0,7
city,air,8,4,2,0,8,good,1,4471,plane,petrol,2554.857142857143,4.550000000000001,1,1
country,air,6,3,0,1,4,average,6,339,plane,petrol,193.71428571428572,7.15,1,1
continent,air,6,1,2,0,3,good,10,1618,plane,petrol,924.5714285714287,4.550000000000001,1,1
continent,land,4,3,0,0,6,average,9,3401,van,green_petrol,914.247311827957,7.15,0,13
continent,air,7,3,2,0,4,poor,8,1154,plane,petrol,659.4285714285716,8.450000000000001,1,6
country,air,2,0,0,1,0,average,3,488,plane,petrol,278.8571428571429,4.55,0,10
country,air,5,3,1,0,0,poor,3,374,plane,petrol,213.71428571428572,7.15,1,1
continent,land,1,3,1,1,0,average,8,4660,train,petrol,2071.111111111111,7.800000000000001,0,10
world,sea,3,4,0,0,6,good,18,1001,ship,green_petrol,312.8125,7.800000000000001,0,20
country,air,1,1,1,0,7,average,3,346,plane,petrol,197.71428571428572,3.25,0,4
city,air,8,3,1,1,9,average,2,4031,plane,petrol,2303.4285714285716,5.85,1,2
continent,land,2,0,0,1,4,poor,10,4375,truck,diesel,2982.9545454545455,7.15,0,16
world,air,9,4,2,0,8,poor,20,1147,plane,petrol,655.4285714285714,9.6,1,4
country,air,5,3,1,0,3,average,5,213,plane,petrol,121.71428571428572,5.85,1,2
world,sea,9,4,1,1,8,poor,17,1903,ship,diesel,1427.2499999999998,9.6,1,14
world,air,5,3,2,1,9,good,19,4912,plane,petrol,2806.857142857143,9.6,1,1
country,air,8,3,1,0,3,good,7,498,plane,petrol,284.5714285714286,5.85,1,3
continent,land,3,4,0,0,8,good,8,4828,van,green_petrol,1297.8494623655913,7.800000000000001,0,14
city,air,1,0,0,1,8,good,2,3602,plane,petrol,2058.2857142857147,3.25,0,4
city,air,3,0,2,1,1,poor,2,1571,plane,petrol,897.7142857142859,4.55,0,6
country,air,9,2,0,1,2,poor,6,258,plane,petrol,147.42857142857144,7.1499999999999995,1,2
world,sea,8,4,1,1,0,poor,20,3345,ship,green_petrol,1045.3125,9.6,1,17
continent,land,1,4,0,1,4,good,8,1093,truck,petrol,496.81818181818187,8.450000000000001,0,13
world,sea,5,2,0,1,2,average,17,2019,ship,green_petrol,630.9375,7.8,1,16
city,air,2,1,1,0,9,poor,2,2175,plane,petrol,1242.857142857143,3.25,0,6
world,air,6,4,2,1,8,average,15,4673,plane,petrol,2670.2857142857147,9.6,1,1
country,air,7,3,0,1,0,poor,6,490,plane,petrol,280.0,8.45,1,5
continent,land,4,1,1,1,8,poor,9,4803,truck,petrol,2183.181818181818,7.8,0,15
world,sea,3,0,0,1,5,poor,21,3563,ship,petrol,1781.5,7.8,0,24
world,sea,7,4,0,1,6,average,20,4758,ship,diesel,3568.4999999999995,9.1,1,15
city,air,0,1,2,1,9,good,1,2477,plane,petrol,1415.4285714285716,3.25,0,3
continent,land,5,2,1,0,2,good,13,2553,train,green_petrol,709.1666666666666,5.2,1,13
world,sea,1,0,0,0,5,average,16,1925,ship,green_petrol,601.5625,5.2,0,19
continent,land,3,2,1,1,5,poor,11,2785,train,petrol,1237.7777777777778,8.450000000000001,0,16
city,air,3,4,1,1,8,good,1,2048,plane,petrol,1170.2857142857144,5.85,0,6
continent,land,5,3,0,0,6,average,8,296,train,petrol,131.55555555555557,7.15,1,8
continent,land,6,4,1,1,2,good,8,971,truck,petrol,441.3636363636364,7.800000000000001,1,6
country,air,8,4,2,1,6,average,6,287,plane,petrol,164.00000000000003,7.15,1,2
country,air,8,0,1,1,9,average,7,360,plane,petrol,205.71428571428572,4.55,1,2
world,air,5,0,2,0,4,average,14,3167,plane,petrol,1809.714285714286,5.8500000000000005,1,9
world,air,8,4,2,0,3,good,17,3434,plane,petrol,1962.2857142857147,8.450000000000001,1,5
city,air,1,3,0,1,6,average,1,3126,plane,petrol,1786.2857142857144,5.85,0,7
city,air,2,4,1,0,7,average,2,1327,plane,petrol,758.2857142857144,4.550000000000001,0,3
world,sea,2,4,1,1,1,good,18,4882,ship,petrol,2441.0,9.1,0,21
country,air,9,4,2,0,7,poor,6,308,plane,petrol,176.00000000000003,7.15,1,6
continent,land,0,0,0,1,7,good,13,3741,train,green_petrol,1039.1666666666667,6.5,0,16
country,air,0,3,0,0,7,average,4,342,plane,petrol,195.42857142857144,5.85,0,6
country,air,0,0,1,1,7,average,6,290,plane,petrol,165.71428571428572,4.55,0,7
city,air,3,4,2,1,4,good,2,1902,plane,petrol,1086.8571428571431,5.85,0,3
country,air,5,3,1,1,1,good,6,252,plane,petrol,144.00000000000003,7.15,1,6
world,sea,6,2,0,0,8,average,19,1140,ship,petrol,570.0,6.5,1,14
city,air,1,3,0,0,5,average,2,2534,plane,petrol,1448.0000000000002,4.550000000000001,0,4
city,air,8,0,1,0,2,good,1,192,plane,petrol,109.71428571428574,1.9500000000000002,1,1
country,air,5,3,0,1,5,poor,3,386,plane,petrol,220.57142857142858,8.45,1,1
world,sea,7,1,0,0,8,good,19,3807,ship,green_petrol,1189.6875,5.2,1,15
country,air,1,2,0,1,3,poor,7,419,plane,petrol,239.42857142857147,7.1499999999999995,0,9
country,air,5,2,2,1,7,good,5,240,plane,petrol,137.14285714285714,5.85,1,3
city,air,3,4,2,1,8,good,1,4086,plane,petrol,2334.857142857143,5.85,0,4
world,air,7,2,2,1,1,average,21,3163,plane,petrol,1807.4285714285716,8.450000000000001,1,3
continent,land,4,2,1,1,8,good,11,1954,truck,diesel,1332.272727272727,7.8,0,13
country,air,6,2,2,1,2,average,3,320,plane,petrol,182.85714285714286,5.85,1,2
country,air,3,1,0,1,7,good,6,376,plane,petrol,214.8571428571429,4.55,0,8
continent,land,1,1,1,1,4,poor,13,4407,truck,green_petrol,1251.9886363636363,7.15,0,16
country,air,3,0,0,1,4,poor,7,346,plane,petrol,197.71428571428572,5.85,0,11
continent,land,6,3,1,0,7,average,13,809,train,green_petrol,224.72222222222223,7.800000000000001,1,11
country,air,9,3,2,0,8,poor,3,324,plane,petrol,185.14285714285714,7.15,1,1
continent,air,6,4,2,0,9,good,13,2979,plane,petrol,1702.2857142857147,7.15,1,1
continent,air,5,2,2,1,0,poor,13,441,plane,petrol,252.00000000000003,8.450000000000001,1,4
city,air,4,0,1,0,9,poor,1,705,plane,petrol,402.8571428571429,3.25,0,11
world,air,7,4,2,1,0,good,14,1970,plane,petrol,1125.7142857142858,9.6,1,2
city,air,0,3,0,1,8,poor,2,4836,plane,petrol,2763.4285714285716,7.15,0,5
city,air,7,4,1,0,3,average,1,1349,plane,petrol,770.8571428571429,4.550000000000001,1,1
continent,air,7,4,2,0,9,poor,11,3358,plane,petrol,1918.8571428571431,8.450000000000001,1,3
